,ID,TARGET
0B8A5172,0B8A5172,0
0B8A5173,0B8A5173,1
0B8A5174,0B8A5174,0
0B8A5175,0B8A5175,0
0B8A5176,0B8A5176,1
0B8A5177,0B8A5177,0
0B8A5178,0B8A5178,0
0B8A5179,0B8A5179,0
0B8A5180,0B8A5180,0
0B8A5181,0B8A5181,0
0B8A5182,0B8A5182,0
0B8A5183,0B8A5183,0
0B8A5184 - copie,0B8A5184 - copie,0
0B8A5184,0B8A5184,1
0B8A5185,0B8A5185,0
0B8A5186,0B8A5186,0
0B8A5187,0B8A5187,0
0B8A5188,0B8A5188,1
0B8A5189,0B8A5189,0
0B8A5190,0B8A5190,1
0B8A5191,0B8A5191,0
0B8A5192,0B8A5192,1
0B8A5193,0B8A5193,0
0B8A5194,0B8A5194,1
0B8A5195,0B8A5195,1
0B8A5196,0B8A5196,0
0B8A5197,0B8A5197,1
0B8A5198,0B8A5198,1
0B8A5199,0B8A5199,0
0B8A5200,0B8A5200,1
0B8A5201,0B8A5201,0
0B8A5202,0B8A5202,1
0B8A5203,0B8A5203,0
0B8A5204,0B8A5204,0
0B8A5205,0B8A5205,0
0B8A5206,0B8A5206,0
0B8A5207,0B8A5207,0
0B8A5208,0B8A5208,1
0B8A5209,0B8A5209,0
0B8A5210,0B8A5210,0
0B8A5211,0B8A5211,1
0B8A5212,0B8A5212,0
0B8A5213,0B8A5213,1
0B8A5214,0B8A5214,1
0B8A5215,0B8A5215,0
0B8A5216,0B8A5216,1
0B8A5217,0B8A5217,0
0B8A5218,0B8A5218,1
0B8A5219,0B8A5219,0
0B8A5220,0B8A5220,1
0B8A5221,0B8A5221,0
0B8A5222,0B8A5222,1
0B8A5223,0B8A5223,0
0B8A5224,0B8A5224,0
0B8A5225,0B8A5225,1
0B8A5226,0B8A5226,1
0B8A5227,0B8A5227,1
0B8A5228,0B8A5228,0
0B8A5229,0B8A5229,0
0B8A5230,0B8A5230,0
0B8A5231,0B8A5231,1
0B8A5232,0B8A5232,1
0B8A5233,0B8A5233,0
0B8A5234,0B8A5234,1
0B8A5235,0B8A5235,0
0B8A5236,0B8A5236,1
0B8A5237,0B8A5237,1
0B8A5238,0B8A5238,0
0B8A5239,0B8A5239,0
0B8A5240,0B8A5240,0
0B8A5241,0B8A5241,0
0B8A5242,0B8A5242,1
0B8A5243,0B8A5243,0
0B8A5244,0B8A5244,0
0B8A5245,0B8A5245,0
0B8A5246,0B8A5246,0
0B8A5247,0B8A5247,0
0B8A5248,0B8A5248,1
0B8A5249,0B8A5249,0
0B8A5250,0B8A5250,0
0B8A5251,0B8A5251,0
0B8A5252,0B8A5252,0
0B8A5253,0B8A5253,0
0B8A5254,0B8A5254,1
0B8A5255,0B8A5255,1
0B8A5256,0B8A5256,1
0B8A5257,0B8A5257,0
0B8A5258,0B8A5258,0
0B8A5259,0B8A5259,1
0B8A5260,0B8A5260,0
0B8A5261,0B8A5261,1
0B8A5262,0B8A5262,1
0B8A5263,0B8A5263,0
0B8A5264,0B8A5264,0
0B8A5265,0B8A5265,1
0B8A5266,0B8A5266,1
0B8A5267,0B8A5267,0
0B8A5268,0B8A5268,1
0B8A5269,0B8A5269,0
0B8A5270,0B8A5270,0
0B8A5271,0B8A5271,1
0B8A5272,0B8A5272,1
0B8A5273,0B8A5273,0
0B8A5274,0B8A5274,0
0B8A5275,0B8A5275,1
0B8A5276,0B8A5276,0
0B8A5277,0B8A5277,0
0B8A5278,0B8A5278,1
0B8A5279,0B8A5279,1
0B8A5280,0B8A5280,0
0B8A5281,0B8A5281,1
0B8A5282,0B8A5282,1
0B8A5283,0B8A5283,1
0B8A5284,0B8A5284,0
0B8A5285,0B8A5285,0
0B8A5286,0B8A5286,1
0B8A5287,0B8A5287,0
0B8A5288,0B8A5288,0
0B8A5289,0B8A5289,1
0B8A5290,0B8A5290,0
0B8A5291,0B8A5291,0
0B8A5292,0B8A5292,1
0B8A5293,0B8A5293,0
0B8A5294,0B8A5294,0
0B8A5295,0B8A5295,1
0B8A5296,0B8A5296,0
0B8A5297,0B8A5297,1
0B8A5298,0B8A5298,0
0B8A5299,0B8A5299,1
0B8A5300,0B8A5300,0
0B8A5301,0B8A5301,1
0B8A5302,0B8A5302,0
0B8A5303,0B8A5303,0
0B8A5304,0B8A5304,0
0B8A5305,0B8A5305,1
0B8A5306,0B8A5306,0
0B8A5307,0B8A5307,0
0B8A5308,0B8A5308,1
0B8A5309,0B8A5309,0
0B8A5310,0B8A5310,1
0B8A5311,0B8A5311,0
0B8A5312,0B8A5312,0
0B8A5313,0B8A5313,0
0B8A5314,0B8A5314,0
0B8A5315,0B8A5315,1
0B8A5316,0B8A5316,0
0B8A5317,0B8A5317,1
0B8A5318,0B8A5318,0
0B8A5319,0B8A5319,0
0B8A5320,0B8A5320,1
0B8A5321,0B8A5321,1
0B8A5322,0B8A5322,1
0B8A5323,0B8A5323,1
0B8A5324,0B8A5324,1
0B8A5325,0B8A5325,0
0B8A5326,0B8A5326,1
0B8A5327,0B8A5327,0
0B8A5328,0B8A5328,0
0B8A5329,0B8A5329,0
0B8A5330,0B8A5330,1
0B8A5331,0B8A5331,0
0B8A5332,0B8A5332,1
0B8A5333,0B8A5333,1
0B8A5334,0B8A5334,0
0B8A5335,0B8A5335,1
0B8A5336,0B8A5336,0
0B8A5337,0B8A5337,1
0B8A5338,0B8A5338,1
0B8A5339,0B8A5339,1
0B8A5340,0B8A5340,0
0B8A5341,0B8A5341,1
0B8A5342,0B8A5342,0
0B8A5343,0B8A5343,0
0B8A5344,0B8A5344,0
0B8A5345,0B8A5345,0
0B8A5346,0B8A5346,0
0B8A5347,0B8A5347,1
0B8A5348,0B8A5348,1
0B8A5349,0B8A5349,0
0B8A5350,0B8A5350,1
0B8A5351,0B8A5351,1
0B8A5352,0B8A5352,1
0B8A5353,0B8A5353,0
0B8A5355,0B8A5355,1
0B8A5356,0B8A5356,1
0B8A5357,0B8A5357,1
0B8A5358,0B8A5358,1
0B8A5359,0B8A5359,1
0B8A5360,0B8A5360,1
0B8A5361,0B8A5361,1
0B8A5362,0B8A5362,1
0B8A5363,0B8A5363,1
0B8A5364,0B8A5364,1
0B8A5365,0B8A5365,0
0B8A5366,0B8A5366,0
0B8A5367,0B8A5367,0
0B8A5368,0B8A5368,1
0B8A5369,0B8A5369,0
0B8A5370,0B8A5370,0
0B8A5371,0B8A5371,0
0B8A5372,0B8A5372,1
0B8A5373,0B8A5373,0
0B8A5374,0B8A5374,0
0B8A5375,0B8A5375,0
0B8A5376,0B8A5376,1
0B8A5377,0B8A5377,1
0B8A5378,0B8A5378,0
0B8A5379,0B8A5379,0
0B8A5380,0B8A5380,1
0B8A5381,0B8A5381,0
0B8A5382,0B8A5382,1
0B8A5383,0B8A5383,1
0B8A5384,0B8A5384,0
0B8A5385,0B8A5385,1
0B8A5386,0B8A5386,0
0B8A5387,0B8A5387,1
0B8A5388,0B8A5388,0
0B8A5389,0B8A5389,1
0B8A5390,0B8A5390,0
0B8A5391,0B8A5391,0
0B8A5392,0B8A5392,0
0B8A5393,0B8A5393,0
0B8A5394,0B8A5394,1
0B8A5395,0B8A5395,0
0B8A5396,0B8A5396,0
0B8A5397,0B8A5397,0
0B8A5398,0B8A5398,0
0B8A5399,0B8A5399,1
0B8A5400,0B8A5400,0
0B8A5401,0B8A5401,0
0B8A5402,0B8A5402,0
0B8A5403,0B8A5403,0
0B8A5404,0B8A5404,1
0B8A5405,0B8A5405,0
0B8A5406,0B8A5406,0
0B8A5407,0B8A5407,1
0B8A5408,0B8A5408,0
0B8A5409,0B8A5409,0
0B8A5410,0B8A5410,0
0B8A5411,0B8A5411,0
0B8A5412,0B8A5412,0
0B8A5413,0B8A5413,1
0B8A5414,0B8A5414,0
0B8A5415,0B8A5415,1
0B8A5416,0B8A5416,0
0B8A5417,0B8A5417,0
0B8A5418,0B8A5418,0
0B8A5419,0B8A5419,0
0B8A5420,0B8A5420,0
0B8A5421,0B8A5421,1
0B8A5422,0B8A5422,1
0B8A5423,0B8A5423,1
0B8A5424,0B8A5424,0
0B8A5425,0B8A5425,1
0B8A5426,0B8A5426,1
0B8A5427,0B8A5427,0
0B8A5428,0B8A5428,0
0B8A5429,0B8A5429,1
0B8A5430,0B8A5430,0
0B8A5431,0B8A5431,0
0B8A5432,0B8A5432,0
0B8A5433,0B8A5433,0
0B8A5434,0B8A5434,1
0B8A5435,0B8A5435,1
0B8A5436,0B8A5436,0
0B8A5437,0B8A5437,1
0B8A5438,0B8A5438,0
0B8A5439,0B8A5439,1
0B8A5440,0B8A5440,0
0B8A5441,0B8A5441,1
0B8A5442,0B8A5442,1
0B8A5443,0B8A5443,0
0B8A5444,0B8A5444,0
0B8A5445,0B8A5445,0
0B8A5446,0B8A5446,1
0B8A5450,0B8A5450,1
0B8A5451,0B8A5451,0
0B8A5452,0B8A5452,1
0B8A5453,0B8A5453,0
0B8A5454,0B8A5454,0
0B8A5455,0B8A5455,0
0B8A5456,0B8A5456,0
0B8A5457,0B8A5457,0
0B8A5458,0B8A5458,1
0B8A5459,0B8A5459,0
0B8A5460,0B8A5460,0
0B8A5461,0B8A5461,0
0B8A5462,0B8A5462,0
0B8A5463,0B8A5463,0
0B8A5464,0B8A5464,0
0B8A5465,0B8A5465,1
0B8A5466,0B8A5466,1
0B8A5467,0B8A5467,0
0B8A5468,0B8A5468,0
0B8A5469,0B8A5469,0
0B8A5470,0B8A5470,0
0B8A5471,0B8A5471,0
0B8A5472,0B8A5472,0
0B8A5473,0B8A5473,0
0B8A5474,0B8A5474,0
0B8A5475,0B8A5475,0
0B8A5476,0B8A5476,0
0B8A5477,0B8A5477,0
0B8A5478,0B8A5478,0
0B8A5479,0B8A5479,1
0B8A5480,0B8A5480,0
0B8A5481,0B8A5481,1
0B8A5482,0B8A5482,1
0B8A5483,0B8A5483,0
0B8A5484,0B8A5484,0
0B8A5485,0B8A5485,0
0B8A5486,0B8A5486,1
0B8A5487,0B8A5487,0
0B8A5488,0B8A5488,1
0B8A5489,0B8A5489,0
0B8A5490,0B8A5490,0
0B8A5491,0B8A5491,0
0B8A5492,0B8A5492,0
0B8A5493,0B8A5493,0
0B8A5494,0B8A5494,0
0B8A5495,0B8A5495,1
0B8A5496,0B8A5496,1
0B8A5497,0B8A5497,0
0B8A5498,0B8A5498,0
0B8A5499,0B8A5499,0
0B8A5500,0B8A5500,0
0B8A5501,0B8A5501,0
0B8A5502,0B8A5502,0
0B8A5503,0B8A5503,0
0B8A5504,0B8A5504,0
0B8A5505,0B8A5505,0
0B8A5506,0B8A5506,1
0B8A5507,0B8A5507,0
0B8A5508,0B8A5508,0
0B8A5509,0B8A5509,0
0B8A5510,0B8A5510,0
0B8A5511,0B8A5511,0
0B8A5512,0B8A5512,0
0B8A5513,0B8A5513,0
0B8A5514,0B8A5514,0
0B8A5515,0B8A5515,0
0B8A5516,0B8A5516,0
0B8A5517,0B8A5517,0
0B8A5518,0B8A5518,0
0B8A5519,0B8A5519,0
0B8A5520,0B8A5520,0
0B8A5521,0B8A5521,0
0B8A5522,0B8A5522,0
0B8A5523,0B8A5523,0
0B8A5524,0B8A5524,1
0B8A5525,0B8A5525,0
0B8A5526,0B8A5526,1
0B8A5527,0B8A5527,0
0B8A5528,0B8A5528,0
0B8A5529,0B8A5529,0
0B8A5530,0B8A5530,1
0B8A5531,0B8A5531,0
0B8A5532,0B8A5532,0
0B8A5533,0B8A5533,0
0B8A5534,0B8A5534,0
0B8A5535,0B8A5535,1
0B8A5536,0B8A5536,1
0B8A5537,0B8A5537,0
0B8A5538,0B8A5538,1
0B8A5539,0B8A5539,0
0B8A5540,0B8A5540,0
0B8A5541,0B8A5541,1
0B8A5542,0B8A5542,0
0B8A5543,0B8A5543,0
0B8A5544,0B8A5544,0
0B8A5545,0B8A5545,1
0B8A5546,0B8A5546,1
0B8A5547,0B8A5547,1
0B8A5548,0B8A5548,1
0B8A5549,0B8A5549,1
0B8A5550,0B8A5550,0
0B8A5551,0B8A5551,1
0B8A5552,0B8A5552,1
0B8A5553,0B8A5553,0
0B8A5554,0B8A5554,1
0B8A5555,0B8A5555,0
0B8A5556,0B8A5556,1
0B8A5557,0B8A5557,0
0B8A5558,0B8A5558,0
0B8A5559,0B8A5559,0
0B8A5560,0B8A5560,1
0B8A5561,0B8A5561,1
0B8A5562,0B8A5562,0
0B8A5563,0B8A5563,0
0B8A5564,0B8A5564,0
0B8A5565,0B8A5565,0
0B8A5566,0B8A5566,0
0B8A5567,0B8A5567,1
0B8A5568,0B8A5568,1
0B8A5569,0B8A5569,0
0B8A5570,0B8A5570,0
0B8A5571,0B8A5571,1
0B8A5572,0B8A5572,0
0B8A5573,0B8A5573,0
0B8A5574,0B8A5574,0
0B8A5575,0B8A5575,0
0B8A5576,0B8A5576,0
0B8A5577,0B8A5577,1
0B8A5578,0B8A5578,0
0B8A5579,0B8A5579,0
0B8A5580,0B8A5580,0
0B8A5581,0B8A5581,0
0B8A5582,0B8A5582,0
0B8A5583,0B8A5583,0
0B8A5584,0B8A5584,0
0B8A5585,0B8A5585,0
0B8A5586,0B8A5586,0
0B8A5587,0B8A5587,0
0B8A5588,0B8A5588,0
0B8A5589,0B8A5589,0
0B8A5590,0B8A5590,0
0B8A5591,0B8A5591,0
0B8A5592,0B8A5592,0
0B8A5593,0B8A5593,0
0B8A5594,0B8A5594,0
0B8A5595,0B8A5595,0
0B8A5596,0B8A5596,0
0B8A5597,0B8A5597,1
0B8A5598,0B8A5598,0
0B8A5599,0B8A5599,0
0B8A5600,0B8A5600,0
0B8A5601,0B8A5601,0
0B8A5602,0B8A5602,0
0B8A5603,0B8A5603,0
0B8A5604,0B8A5604,0
0B8A5605,0B8A5605,1
0B8A5606,0B8A5606,0
0B8A5607,0B8A5607,0
0B8A5608,0B8A5608,0
0B8A5609,0B8A5609,0
0B8A5610,0B8A5610,0
0B8A5611,0B8A5611,0
0B8A5612,0B8A5612,0
0B8A5613,0B8A5613,0
0B8A5614,0B8A5614,0
0B8A5615,0B8A5615,0
0B8A5616,0B8A5616,0
0B8A5617,0B8A5617,0
0B8A5618,0B8A5618,0
0B8A5619,0B8A5619,0
0B8A5620,0B8A5620,0
0B8A5621,0B8A5621,0
0B8A5622,0B8A5622,0
0B8A5623,0B8A5623,0
0B8A5624,0B8A5624,0
0B8A5625,0B8A5625,1
0B8A5626,0B8A5626,1
0B8A5627,0B8A5627,1
0B8A5628,0B8A5628,0
0B8A5629,0B8A5629,0
0B8A5630,0B8A5630,1
0B8A5631,0B8A5631,0
0B8A5632,0B8A5632,0
0B8A5633,0B8A5633,0
0B8A5634,0B8A5634,0
0B8A5635,0B8A5635,0
0B8A5636,0B8A5636,1
0B8A5637,0B8A5637,0
0B8A5638,0B8A5638,0
0B8A5639,0B8A5639,0
0B8A5640,0B8A5640,0
0B8A5641,0B8A5641,1
0B8A5642,0B8A5642,0
0B8A5643,0B8A5643,0
0B8A5644,0B8A5644,0
0B8A5645,0B8A5645,1
0B8A5646,0B8A5646,0
0B8A5647,0B8A5647,0
0B8A5648,0B8A5648,0
0B8A5649,0B8A5649,0
0B8A5650,0B8A5650,1
0B8A5651,0B8A5651,0
0B8A5652,0B8A5652,1
0B8A5653,0B8A5653,0
0B8A5654,0B8A5654,0
0B8A5655,0B8A5655,1
0B8A5656,0B8A5656,0
0B8A5657,0B8A5657,0
0B8A5658,0B8A5658,0
0B8A5659,0B8A5659,0
0B8A5660,0B8A5660,0
0B8A5661,0B8A5661,1
0B8A5662,0B8A5662,0
0B8A5663,0B8A5663,0
0B8A5664,0B8A5664,0
0B8A5665,0B8A5665,0
0B8A5666,0B8A5666,0
0B8A5667,0B8A5667,0
0B8A5668,0B8A5668,0
0B8A5669,0B8A5669,0
0B8A5670,0B8A5670,0
0B8A5672,0B8A5672,1
0B8A5673,0B8A5673,0
0B8A5674,0B8A5674,0
0B8A5675,0B8A5675,0
0B8A5676,0B8A5676,1
0B8A5677,0B8A5677,1
0B8A5678,0B8A5678,0
0B8A5679,0B8A5679,0
0B8A5680,0B8A5680,0
0B8A5681,0B8A5681,0
0B8A5682,0B8A5682,1
0B8A5683,0B8A5683,0
0B8A5684,0B8A5684,1
0B8A5685,0B8A5685,0
0B8A5686,0B8A5686,1
0B8A5687,0B8A5687,1
0B8A5688,0B8A5688,1
0B8A5689,0B8A5689,1
0B8A5690,0B8A5690,1
0B8A5691,0B8A5691,0
0B8A5692,0B8A5692,0
0B8A5693,0B8A5693,0
0B8A5694,0B8A5694,0
0B8A5695,0B8A5695,1
0B8A5696,0B8A5696,0
0B8A5697,0B8A5697,1
0B8A5698,0B8A5698,0
0B8A5699,0B8A5699,0
0B8A5700,0B8A5700,0
0B8A5701,0B8A5701,0
0B8A5702,0B8A5702,0
0B8A5703,0B8A5703,1
0B8A5704,0B8A5704,0
0B8A5705,0B8A5705,0
0B8A5706,0B8A5706,0
0B8A5707,0B8A5707,0
0B8A5708,0B8A5708,0
0B8A5709,0B8A5709,0
0B8A5710,0B8A5710,1
0B8A5711,0B8A5711,1
0B8A5712,0B8A5712,1
0B8A5713,0B8A5713,1
0B8A5714,0B8A5714,0
0B8A5715,0B8A5715,0
0B8A5716,0B8A5716,1
0B8A5717,0B8A5717,0
0B8A5718,0B8A5718,0
0B8A5719,0B8A5719,0
0B8A5720,0B8A5720,0
0B8A5725,0B8A5725,0
0B8A5728,0B8A5728,1
0B8A5729,0B8A5729,1
0B8A5730,0B8A5730,1
0B8A5731,0B8A5731,0
0B8A5732,0B8A5732,0
0B8A5733,0B8A5733,1
0B8A5734,0B8A5734,1
0B8A5735,0B8A5735,1
0B8A5736,0B8A5736,1
0B8A5737,0B8A5737,1
0B8A5738,0B8A5738,0
0B8A5740,0B8A5740,1
0B8A5741,0B8A5741,1
0B8A5742,0B8A5742,0
0B8A5743,0B8A5743,1
0B8A5746,0B8A5746,1
0B8A5747,0B8A5747,0
0B8A5748,0B8A5748,0
0B8A5749,0B8A5749,0
0B8A5750,0B8A5750,0
0B8A5751,0B8A5751,1
0B8A5752,0B8A5752,0
0B8A5753,0B8A5753,1
0B8A5754,0B8A5754,0
0B8A5755,0B8A5755,1
0B8A5756,0B8A5756,0
0B8A5757,0B8A5757,1
0B8A5758,0B8A5758,0
0B8A5759,0B8A5759,1
0B8A5760,0B8A5760,0
0B8A5761,0B8A5761,0
0B8A5762,0B8A5762,0
0B8A5763,0B8A5763,0
0B8A5764,0B8A5764,1
0B8A5765,0B8A5765,0
0B8A5766,0B8A5766,0
0B8A5767,0B8A5767,0
0B8A5768,0B8A5768,1
0B8A5769,0B8A5769,0
0B8A5770,0B8A5770,1
0B8A5771,0B8A5771,1
0B8A5772,0B8A5772,1
0B8A5773,0B8A5773,0
0B8A5774,0B8A5774,0
0B8A5775,0B8A5775,1
0B8A5776,0B8A5776,1
0B8A5778,0B8A5778,1
0B8A5779,0B8A5779,0
0B8A5780,0B8A5780,1
0B8A5781,0B8A5781,0
0B8A5782,0B8A5782,0
0B8A5783,0B8A5783,0
0B8A5784,0B8A5784,0
0B8A5785,0B8A5785,0
0B8A5786,0B8A5786,0
0B8A5787,0B8A5787,0
0B8A5788,0B8A5788,1
0B8A5789,0B8A5789,0
0B8A5790,0B8A5790,0
0B8A5791,0B8A5791,0
0B8A5792,0B8A5792,1
0B8A5793,0B8A5793,0
0B8A5794,0B8A5794,1
0B8A5795,0B8A5795,1
0B8A5796,0B8A5796,0
0B8A5797,0B8A5797,1
0B8A5798,0B8A5798,0
0B8A5799,0B8A5799,0
0B8A5800,0B8A5800,0
0B8A5801,0B8A5801,0
0B8A5802,0B8A5802,0
0B8A5803,0B8A5803,0
0B8A5804,0B8A5804,0
0B8A5805,0B8A5805,1
0B8A5806,0B8A5806,0
0B8A5807,0B8A5807,0
0B8A5808,0B8A5808,0
0B8A5809,0B8A5809,0
0B8A5810,0B8A5810,0
0B8A5811,0B8A5811,1
0B8A5812,0B8A5812,0
0B8A5813,0B8A5813,0
0B8A5814,0B8A5814,0
0B8A5815,0B8A5815,1
0B8A5816,0B8A5816,0
0B8A5817,0B8A5817,0
0B8A5818,0B8A5818,0
0B8A5819,0B8A5819,0
0B8A5820,0B8A5820,0
0B8A5821,0B8A5821,0
0B8A5822,0B8A5822,0
0B8A5823,0B8A5823,0
0B8A5824,0B8A5824,0
0B8A5825,0B8A5825,0
0B8A5826,0B8A5826,1
0B8A5827,0B8A5827,0
0B8A5828,0B8A5828,0
0B8A5829,0B8A5829,0
0B8A5830,0B8A5830,1
0B8A5831,0B8A5831,0
0B8A5832,0B8A5832,0
0B8A5833,0B8A5833,0
0B8A5834,0B8A5834,0
0B8A5835,0B8A5835,0
0B8A5836,0B8A5836,0
0B8A5837,0B8A5837,0
0B8A5838,0B8A5838,0
0B8A5839,0B8A5839,0
0B8A5840,0B8A5840,0
0B8A5841,0B8A5841,0
0B8A5842,0B8A5842,0
0B8A5843,0B8A5843,0
0B8A5844,0B8A5844,1
0B8A5845,0B8A5845,1
0B8A5846,0B8A5846,0
0B8A5847,0B8A5847,0
0B8A5848,0B8A5848,0
0B8A5849,0B8A5849,0
0B8A5850,0B8A5850,1
0B8A5851,0B8A5851,0
0B8A5852,0B8A5852,0
0B8A5853,0B8A5853,1
0B8A5854,0B8A5854,0
0B8A5855,0B8A5855,0
0B8A5856,0B8A5856,1
0B8A5857,0B8A5857,0
0B8A5858,0B8A5858,0
0B8A5859,0B8A5859,1
0B8A5860,0B8A5860,1
0B8A5861,0B8A5861,0
0B8A5862,0B8A5862,0
0B8A5863,0B8A5863,1
0B8A5864,0B8A5864,0
0B8A5865,0B8A5865,0
0B8A5866,0B8A5866,0
0B8A5867,0B8A5867,0
0B8A5868,0B8A5868,0
0B8A5869,0B8A5869,1
0B8A5870,0B8A5870,0
0B8A5871,0B8A5871,0
0B8A5872,0B8A5872,0
0B8A5873,0B8A5873,0
0B8A5874,0B8A5874,1
0B8A5875,0B8A5875,1
0B8A5876,0B8A5876,0
0B8A5877,0B8A5877,0
0B8A5878,0B8A5878,1
0B8A5879,0B8A5879,0
0B8A5880,0B8A5880,0
0B8A5881,0B8A5881,1
0B8A5882,0B8A5882,0
0B8A5883,0B8A5883,1
0B8A5884,0B8A5884,1
0B8A5885,0B8A5885,1
0B8A5886,0B8A5886,1
0B8A5887,0B8A5887,0
0B8A5888,0B8A5888,1
0B8A5889,0B8A5889,0
0B8A5891,0B8A5891,1
0B8A5892,0B8A5892,1
0B8A5893,0B8A5893,0
0B8A5894,0B8A5894,1
0B8A5895,0B8A5895,0
0B8A5896,0B8A5896,0
0B8A5897,0B8A5897,1
0B8A5898,0B8A5898,0
0B8A5899,0B8A5899,0
0B8A5900,0B8A5900,0
0B8A5901,0B8A5901,0
0B8A5903,0B8A5903,1
0B8A5904,0B8A5904,0
0B8A5905,0B8A5905,0
0B8A5906,0B8A5906,1
0B8A5907,0B8A5907,0
0B8A5908,0B8A5908,0
0B8A5909,0B8A5909,1
0B8A5910,0B8A5910,0
0B8A5911,0B8A5911,0
0B8A5912,0B8A5912,0
0B8A5913,0B8A5913,1
0B8A5914,0B8A5914,0
0B8A5915,0B8A5915,0
0B8A5916,0B8A5916,0
0B8A5917,0B8A5917,0
0B8A5918,0B8A5918,0
0B8A5919,0B8A5919,0
0B8A5920,0B8A5920,1
0B8A5921,0B8A5921,0
0B8A5922,0B8A5922,0
0B8A5923,0B8A5923,0
0B8A5924,0B8A5924,0
0B8A5925,0B8A5925,0
0B8A5926,0B8A5926,0
0B8A5927,0B8A5927,0
0B8A5928,0B8A5928,0
0B8A5929,0B8A5929,0
0B8A5930,0B8A5930,0
0B8A5931,0B8A5931,0
0B8A5932,0B8A5932,0
0B8A5933,0B8A5933,0
0B8A5934,0B8A5934,0
0B8A5935,0B8A5935,0
0B8A5936,0B8A5936,0
0B8A5937,0B8A5937,0
0B8A5938,0B8A5938,0
0B8A5939,0B8A5939,0
0B8A5940,0B8A5940,1
0B8A5941,0B8A5941,0
0B8A5942,0B8A5942,1
0B8A5943,0B8A5943,0
0B8A5944,0B8A5944,0
0B8A5945,0B8A5945,0
0B8A5946,0B8A5946,0
0B8A5947,0B8A5947,0
0B8A5948,0B8A5948,0
0B8A5949,0B8A5949,0
0B8A5950,0B8A5950,0
0B8A5951,0B8A5951,0
0B8A5952,0B8A5952,0
0B8A5953,0B8A5953,0
0B8A5954,0B8A5954,0
0B8A5955,0B8A5955,0
0B8A5956,0B8A5956,0
0B8A5957,0B8A5957,0
0B8A5958,0B8A5958,0
0B8A5959,0B8A5959,0
0B8A5960,0B8A5960,0
0B8A5961,0B8A5961,0
0B8A5962,0B8A5962,0
0B8A5963,0B8A5963,0
0B8A5964,0B8A5964,0
0B8A5965,0B8A5965,0
0B8A5966,0B8A5966,0
0B8A5967,0B8A5967,0
0B8A5968,0B8A5968,1
0B8A5969,0B8A5969,0
0B8A5970,0B8A5970,1
0B8A5971,0B8A5971,0
0B8A5972,0B8A5972,0
0B8A5974,0B8A5974,1
0B8A5975,0B8A5975,1
0B8A5976,0B8A5976,0
0B8A5977,0B8A5977,0
0B8A5978,0B8A5978,1
0B8A5979,0B8A5979,0
0B8A5980,0B8A5980,1
0B8A5981,0B8A5981,0
0B8A5982,0B8A5982,0
0B8A5983,0B8A5983,0
0B8A5984,0B8A5984,0
0B8A5986,0B8A5986,0
0B8A5987,0B8A5987,1
0B8A5988,0B8A5988,0
0B8A5989,0B8A5989,0
0B8A5990,0B8A5990,0
0B8A5991,0B8A5991,0
0B8A5992,0B8A5992,0
0B8A5993,0B8A5993,1
0B8A5994,0B8A5994,0
0B8A5995,0B8A5995,0
0B8A5996,0B8A5996,0
0B8A5997,0B8A5997,0
0B8A5998,0B8A5998,1
0B8A5999,0B8A5999,0
0B8A6000,0B8A6000,0
0B8A6001,0B8A6001,0
0B8A6002,0B8A6002,0
0B8A6003,0B8A6003,0
0B8A6004,0B8A6004,0
0B8A6005,0B8A6005,0
0B8A6006,0B8A6006,0
0B8A6007,0B8A6007,1
0B8A6008,0B8A6008,0
0B8A6009,0B8A6009,0
0B8A6010,0B8A6010,0
0B8A6011,0B8A6011,0
0B8A6012,0B8A6012,0
0B8A6013,0B8A6013,0
0B8A6014,0B8A6014,0
0B8A6015,0B8A6015,1
0B8A6016,0B8A6016,0
0B8A6017,0B8A6017,1
0B8A6018,0B8A6018,0
0B8A6019,0B8A6019,1
0B8A6020,0B8A6020,0
0B8A6021,0B8A6021,1
0B8A6022,0B8A6022,0
0B8A6023,0B8A6023,0
0B8A6024,0B8A6024,0
0B8A6025,0B8A6025,1
0B8A6026,0B8A6026,0
0B8A6030,0B8A6030,1
0B8A6031,0B8A6031,0
0B8A6032,0B8A6032,0
0B8A6034,0B8A6034,1
0B8A6035,0B8A6035,0
0B8A6036,0B8A6036,1
0B8A6037,0B8A6037,0
0B8A6038,0B8A6038,0
0B8A6039,0B8A6039,1
0B8A6040,0B8A6040,0
0B8A6041,0B8A6041,0
0B8A6042,0B8A6042,0
0B8A6043,0B8A6043,0
0B8A6044,0B8A6044,0
0B8A6045,0B8A6045,0
0B8A6046,0B8A6046,0
0B8A6047,0B8A6047,0
0B8A6048,0B8A6048,0
0B8A6049,0B8A6049,0
0B8A6050,0B8A6050,0
0B8A6051,0B8A6051,0
0B8A6052,0B8A6052,0
0B8A6053,0B8A6053,0
0B8A6054,0B8A6054,0
0B8A6055,0B8A6055,1
0B8A6056,0B8A6056,0
0B8A6058,0B8A6058,1
0B8A6061,0B8A6061,0
0B8A6062,0B8A6062,0
0B8A6063,0B8A6063,0
0B8A6064,0B8A6064,0
0B8A6066,0B8A6066,0
0B8A6067,0B8A6067,1
0B8A6068,0B8A6068,0
0B8A6069,0B8A6069,1
0B8A6070,0B8A6070,1
0B8A6071,0B8A6071,0
0B8A6072,0B8A6072,0
0B8A6073,0B8A6073,1
0B8A6074,0B8A6074,0
0B8A6075,0B8A6075,0
0B8A6076,0B8A6076,0
0B8A6077,0B8A6077,0
0B8A6078,0B8A6078,0
0B8A6079,0B8A6079,1
0B8A6080,0B8A6080,0
0B8A6081,0B8A6081,0
0B8A6082,0B8A6082,1
0B8A6083,0B8A6083,0
0B8A6085,0B8A6085,1
0B8A6088,0B8A6088,0
0B8A6089,0B8A6089,1
0B8A6090,0B8A6090,0
0B8A6091,0B8A6091,1
0B8A6092,0B8A6092,1
0B8A6093,0B8A6093,0
0B8A6094,0B8A6094,0
0B8A6095,0B8A6095,0
0B8A6096,0B8A6096,1
0B8A6098,0B8A6098,0
0B8A6099,0B8A6099,1
0B8A6101,0B8A6101,0
0B8A6102,0B8A6102,1
0B8A6103,0B8A6103,0
0B8A6104,0B8A6104,0
0B8A6105,0B8A6105,1
0B8A6106,0B8A6106,1
0B8A6107,0B8A6107,1
0B8A6108,0B8A6108,1
0B8A6109,0B8A6109,0
0B8A6110,0B8A6110,1
0B8A6111,0B8A6111,0
0B8A6112,0B8A6112,1
0B8A6113,0B8A6113,0
0B8A6114,0B8A6114,1
0B8A6115,0B8A6115,1
0B8A6116,0B8A6116,0
0B8A6117,0B8A6117,0
0B8A6118,0B8A6118,1
0B8A6119,0B8A6119,1
0B8A6120,0B8A6120,0
0B8A6121,0B8A6121,0
0B8A6122,0B8A6122,1
0B8A6123,0B8A6123,0
0B8A6124,0B8A6124,0
0B8A6125,0B8A6125,0
0B8A6126,0B8A6126,0
0B8A6127,0B8A6127,1
0B8A6128,0B8A6128,0
0B8A6129,0B8A6129,1
0B8A6130,0B8A6130,0
0B8A6131,0B8A6131,1
0B8A6132,0B8A6132,0
0B8A6133,0B8A6133,1
0B8A6134,0B8A6134,1
0B8A6135,0B8A6135,0
0B8A6136,0B8A6136,1
0B8A6137,0B8A6137,0
0B8A6138,0B8A6138,0
0B8A6139,0B8A6139,0
0B8A6140,0B8A6140,1
0B8A6141,0B8A6141,0
0B8A6142,0B8A6142,1
0B8A6143,0B8A6143,0
0B8A6144,0B8A6144,1
0B8A6145,0B8A6145,0
0B8A6146,0B8A6146,1
0B8A6147,0B8A6147,0
0B8A6148,0B8A6148,0
0B8A6149,0B8A6149,1
0B8A6150,0B8A6150,1
0B8A6151,0B8A6151,1
0B8A6152,0B8A6152,0
0B8A6153,0B8A6153,1
0B8A6154,0B8A6154,0
0B8A6155,0B8A6155,1
0B8A6156,0B8A6156,1
0B8A6157,0B8A6157,1
0B8A6158,0B8A6158,0
0B8A6159,0B8A6159,0
0B8A6160,0B8A6160,0
0B8A6161,0B8A6161,1
0B8A6162,0B8A6162,1
0B8A6163,0B8A6163,0
0B8A6164,0B8A6164,0
0B8A6165,0B8A6165,1
0B8A6166,0B8A6166,0
0B8A6168,0B8A6168,1
0B8A6170,0B8A6170,1
0B8A6171,0B8A6171,1
0B8A6172,0B8A6172,1
0B8A6173,0B8A6173,0
0B8A6174,0B8A6174,0
0B8A6175,0B8A6175,0
0B8A6176,0B8A6176,1
0B8A6177,0B8A6177,0
0B8A6179,0B8A6179,1
0B8A6180,0B8A6180,0
0B8A6181,0B8A6181,1
0B8A6182,0B8A6182,1
0B8A6183,0B8A6183,1
0B8A6185,0B8A6185,1
0B8A6187,0B8A6187,1
0B8A6189,0B8A6189,1
0B8A6190,0B8A6190,0
0B8A6191,0B8A6191,1
0B8A6192,0B8A6192,1
0B8A6193,0B8A6193,0
0B8A6195,0B8A6195,1
0B8A6196,0B8A6196,0
0B8A6197,0B8A6197,0
0B8A6198,0B8A6198,0
0B8A6199,0B8A6199,0
0B8A6200,0B8A6200,0
0B8A6201,0B8A6201,0
0B8A6202,0B8A6202,0
0B8A6203,0B8A6203,0
0B8A6204,0B8A6204,1
8O4A8510,8O4A8510,0
8O4A8511,8O4A8511,0
8O4A8513,8O4A8513,0
8O4A8514,8O4A8514,0
8O4A8515,8O4A8515,0
8O4A8517,8O4A8517,0
8O4A8518,8O4A8518,0
8O4A8520,8O4A8520,0
8O4A8521,8O4A8521,0
8O4A8522,8O4A8522,0
8O4A8525,8O4A8525,0
8O4A8526,8O4A8526,0
8O4A8527,8O4A8527,0
8O4A8528,8O4A8528,0
8O4A8529,8O4A8529,0
8O4A8531,8O4A8531,0
8O4A8532,8O4A8532,0
8O4A8533,8O4A8533,0
8O4A8534,8O4A8534,0
8O4A8536,8O4A8536,0
8O4A8537,8O4A8537,0
8O4A8539,8O4A8539,0
8O4A8540,8O4A8540,0
8O4A8542,8O4A8542,0
8O4A8543,8O4A8543,0
8O4A8545,8O4A8545,0
8O4A8546,8O4A8546,0
8O4A8548,8O4A8548,0
8O4A8549,8O4A8549,0
8O4A8550,8O4A8550,0
8O4A8552,8O4A8552,0
8O4A8553,8O4A8553,0
8O4A8555,8O4A8555,0
8O4A8556,8O4A8556,0
8O4A8557,8O4A8557,0
8O4A8559,8O4A8559,0
8O4A8561,8O4A8561,0
8O4A8562,8O4A8562,0
8O4A8565,8O4A8565,0
8O4A8568,8O4A8568,0
8O4A8570,8O4A8570,0
8O4A8571,8O4A8571,0
8O4A8575,8O4A8575,0
8O4A8576,8O4A8576,0
8O4A8577,8O4A8577,0
8O4A8578,8O4A8578,0
8O4A8579,8O4A8579,1
8O4A8580,8O4A8580,1
8O4A8581,8O4A8581,0
8O4A8582,8O4A8582,1
8O4A8583,8O4A8583,0
8O4A8584,8O4A8584,0
8O4A8585,8O4A8585,1
8O4A8586,8O4A8586,0
8O4A8587,8O4A8587,0
8O4A8588,8O4A8588,1
8O4A8589,8O4A8589,1
8O4A8590,8O4A8590,0
8O4A8591,8O4A8591,1
8O4A8592,8O4A8592,1
8O4A8593,8O4A8593,0
8O4A8594,8O4A8594,0
8O4A8595,8O4A8595,1
8O4A8596,8O4A8596,0
8O4A8597,8O4A8597,1
8O4A8598,8O4A8598,1
8O4A8599,8O4A8599,0
8O4A8600,8O4A8600,1
8O4A8601,8O4A8601,0
8O4A8602,8O4A8602,1
8O4A8603,8O4A8603,1
8O4A8604,8O4A8604,1
8O4A8605,8O4A8605,0
8O4A8606,8O4A8606,1
8O4A8607,8O4A8607,0
8O4A8608,8O4A8608,1
8O4A8609,8O4A8609,1
8O4A8610,8O4A8610,0
8O4A8612,8O4A8612,0
8O4A8613,8O4A8613,0
8O4A8614,8O4A8614,1
8O4A8615,8O4A8615,0
8O4A8616,8O4A8616,0
8O4A8617,8O4A8617,0
8O4A8618,8O4A8618,0
8O4A8619,8O4A8619,0
8O4A8620,8O4A8620,0
8O4A8621,8O4A8621,0
8O4A8622,8O4A8622,0
8O4A8623,8O4A8623,0
8O4A8624,8O4A8624,0
8O4A8625,8O4A8625,1
8O4A8626,8O4A8626,0
8O4A8627,8O4A8627,0
8O4A8628,8O4A8628,0
8O4A8629,8O4A8629,0
8O4A8630,8O4A8630,1
8O4A8631,8O4A8631,1
8O4A8632,8O4A8632,0
8O4A8633,8O4A8633,0
8O4A8634,8O4A8634,1
8O4A8635,8O4A8635,1
8O4A8636,8O4A8636,0
8O4A8637,8O4A8637,0
8O4A8638,8O4A8638,0
8O4A8639,8O4A8639,0
8O4A8640,8O4A8640,1
8O4A8641,8O4A8641,0
8O4A8642,8O4A8642,0
8O4A8643,8O4A8643,0
8O4A8644,8O4A8644,0
8O4A8645,8O4A8645,1
8O4A8646,8O4A8646,0
8O4A8647,8O4A8647,1
8O4A8648,8O4A8648,0
8O4A8649,8O4A8649,0
8O4A8650,8O4A8650,0
8O4A8651,8O4A8651,0
8O4A8652,8O4A8652,0
8O4A8653,8O4A8653,0
8O4A8654,8O4A8654,1
8O4A8655,8O4A8655,0
8O4A8656,8O4A8656,0
8O4A8657,8O4A8657,0
8O4A8658,8O4A8658,1
8O4A8659,8O4A8659,0
8O4A8660,8O4A8660,1
8O4A8661,8O4A8661,0
8O4A8662,8O4A8662,1
8O4A8663,8O4A8663,0
8O4A8664,8O4A8664,0
8O4A8665,8O4A8665,1
8O4A8666,8O4A8666,0
8O4A8667,8O4A8667,1
8O4A8668,8O4A8668,0
8O4A8669,8O4A8669,0
8O4A8670,8O4A8670,0
8O4A8671,8O4A8671,0
8O4A8672,8O4A8672,0
8O4A8673,8O4A8673,0
8O4A8674,8O4A8674,0
8O4A8675,8O4A8675,1
8O4A8676,8O4A8676,0
8O4A8677,8O4A8677,1
8O4A8678,8O4A8678,1
8O4A8679,8O4A8679,0
8O4A8680,8O4A8680,0
8O4A8681,8O4A8681,1
8O4A8682,8O4A8682,1
8O4A8683,8O4A8683,0
8O4A8684,8O4A8684,0
8O4A8685,8O4A8685,0
8O4A8686,8O4A8686,0
8O4A8687,8O4A8687,0
8O4A8688,8O4A8688,1
8O4A8689,8O4A8689,0
8O4A8690,8O4A8690,1
8O4A8691,8O4A8691,1
8O4A8692,8O4A8692,1
8O4A8693,8O4A8693,0
8O4A8694,8O4A8694,1
8O4A8695,8O4A8695,0
8O4A8696,8O4A8696,1
8O4A8697,8O4A8697,0
8O4A8698,8O4A8698,0
8O4A8699,8O4A8699,1
8O4A8700,8O4A8700,0
8O4A8701,8O4A8701,1
8O4A8702,8O4A8702,1
8O4A8703,8O4A8703,0
8O4A8704,8O4A8704,0
8O4A8705,8O4A8705,1
8O4A8706,8O4A8706,0
8O4A8707,8O4A8707,1
8O4A8708,8O4A8708,0
8O4A8709,8O4A8709,0
8O4A8710,8O4A8710,1
8O4A8711,8O4A8711,0
8O4A8712,8O4A8712,1
8O4A8713,8O4A8713,1
8O4A8714,8O4A8714,0
8O4A8715,8O4A8715,0
8O4A8716,8O4A8716,0
8O4A8717,8O4A8717,1
8O4A8718,8O4A8718,0
8O4A8719,8O4A8719,0
8O4A8720,8O4A8720,0
8O4A8721,8O4A8721,0
8O4A8722,8O4A8722,1
8O4A8723,8O4A8723,0
8O4A8724,8O4A8724,0
8O4A8725,8O4A8725,0
8O4A8726,8O4A8726,1
8O4A8727,8O4A8727,0
8O4A8728,8O4A8728,0
8O4A8729,8O4A8729,1
8O4A8730,8O4A8730,0
8O4A8731,8O4A8731,0
8O4A8732,8O4A8732,0
8O4A8733,8O4A8733,0
8O4A8734,8O4A8734,1
8O4A8735,8O4A8735,0
8O4A8736,8O4A8736,0
8O4A8737,8O4A8737,0
8O4A8738,8O4A8738,0
8O4A8739,8O4A8739,1
8O4A8740,8O4A8740,0
8O4A8741,8O4A8741,0
8O4A8742,8O4A8742,1
8O4A8743,8O4A8743,0
8O4A8744,8O4A8744,1
8O4A8745,8O4A8745,0
8O4A8746,8O4A8746,1
8O4A8747,8O4A8747,0
8O4A8748,8O4A8748,0
8O4A8749,8O4A8749,1
8O4A8751,8O4A8751,0
8O4A8752,8O4A8752,0
8O4A8753,8O4A8753,0
8O4A8754,8O4A8754,1
8O4A8755,8O4A8755,0
8O4A8756,8O4A8756,0
8O4A8757,8O4A8757,0
8O4A8758,8O4A8758,1
8O4A8759,8O4A8759,1
8O4A8760,8O4A8760,0
8O4A8761,8O4A8761,0
8O4A8762,8O4A8762,1
8O4A8763,8O4A8763,0
8O4A8764,8O4A8764,0
8O4A8765,8O4A8765,0
8O4A8766,8O4A8766,1
8O4A8767,8O4A8767,0
8O4A8768,8O4A8768,1
8O4A8769,8O4A8769,0
8O4A8770,8O4A8770,1
8O4A8771,8O4A8771,1
8O4A8772,8O4A8772,1
8O4A8773,8O4A8773,0
8O4A8774,8O4A8774,1
8O4A8775,8O4A8775,0
8O4A8776,8O4A8776,1
8O4A8777,8O4A8777,0
8O4A8778,8O4A8778,1
8O4A8779,8O4A8779,1
8O4A8780,8O4A8780,1
8O4A8781,8O4A8781,1
8O4A8782,8O4A8782,0
8O4A8783,8O4A8783,0
8O4A8784,8O4A8784,1
8O4A8785,8O4A8785,1
8O4A8786,8O4A8786,0
8O4A8787,8O4A8787,0
8O4A8788,8O4A8788,0
8O4A8789,8O4A8789,1
8O4A8790,8O4A8790,0
8O4A8791,8O4A8791,0
8O4A8792,8O4A8792,0
8O4A8793,8O4A8793,1
8O4A8794,8O4A8794,1
8O4A8795,8O4A8795,0
8O4A8796,8O4A8796,0
8O4A8797,8O4A8797,0
8O4A8798,8O4A8798,0
8O4A8799,8O4A8799,1
8O4A8800,8O4A8800,1
8O4A8801,8O4A8801,1
8O4A8802,8O4A8802,0
8O4A8803,8O4A8803,0
8O4A8804,8O4A8804,1
8O4A8805,8O4A8805,1
8O4A8806,8O4A8806,0
8O4A8807,8O4A8807,1
8O4A8808,8O4A8808,0
8O4A8809,8O4A8809,0
8O4A8810,8O4A8810,1
8O4A8811,8O4A8811,0
8O4A8812,8O4A8812,1
8O4A8813,8O4A8813,0
8O4A8814,8O4A8814,1
8O4A8815,8O4A8815,1
8O4A8816,8O4A8816,1
8O4A8817,8O4A8817,1
8O4A8818,8O4A8818,0
8O4A8819,8O4A8819,0
8O4A8820,8O4A8820,1
8O4A8821,8O4A8821,0
8O4A8822,8O4A8822,0
8O4A8823,8O4A8823,0
8O4A8824,8O4A8824,0
8O4A8825,8O4A8825,0
8O4A8826,8O4A8826,1
8O4A8827,8O4A8827,1
8O4A8828,8O4A8828,0
8O4A8829,8O4A8829,1
8O4A8830,8O4A8830,0
8O4A8831,8O4A8831,0
8O4A8832,8O4A8832,1
8O4A8833,8O4A8833,1
8O4A8834,8O4A8834,0
8O4A8835,8O4A8835,0
8O4A8836,8O4A8836,0
8O4A8837,8O4A8837,1
8O4A8838,8O4A8838,0
8O4A8839,8O4A8839,0
8O4A8840,8O4A8840,0
8O4A8841,8O4A8841,1
8O4A8842,8O4A8842,0
8O4A8843,8O4A8843,0
8O4A8844,8O4A8844,1
8O4A8845,8O4A8845,0
8O4A8846,8O4A8846,0
8O4A8847,8O4A8847,0
8O4A8848,8O4A8848,1
8O4A8849,8O4A8849,0
8O4A8850,8O4A8850,0
8O4A8851,8O4A8851,0
8O4A8852,8O4A8852,0
8O4A8853,8O4A8853,0
8O4A8854,8O4A8854,0
8O4A8855,8O4A8855,0
8O4A8856,8O4A8856,0
8O4A8857,8O4A8857,0
8O4A8858,8O4A8858,1
8O4A8859,8O4A8859,0
8O4A8860,8O4A8860,0
8O4A8861,8O4A8861,1
8O4A8862,8O4A8862,1
8O4A8863,8O4A8863,1
8O4A8864,8O4A8864,1
8O4A8865,8O4A8865,0
8O4A8866,8O4A8866,1
8O4A8867,8O4A8867,0
8O4A8868,8O4A8868,0
8O4A8869,8O4A8869,1
8O4A8870,8O4A8870,0
8O4A8871,8O4A8871,0
8O4A8872,8O4A8872,1
8O4A8873,8O4A8873,0
8O4A8874,8O4A8874,1
8O4A8875,8O4A8875,0
8O4A8876,8O4A8876,1
8O4A8877,8O4A8877,0
8O4A8878,8O4A8878,0
8O4A8879,8O4A8879,1
8O4A8880,8O4A8880,0
8O4A8881,8O4A8881,0
8O4A8882,8O4A8882,0
8O4A8883,8O4A8883,0
8O4A8884,8O4A8884,0
8O4A8885,8O4A8885,0
8O4A8886,8O4A8886,0
8O4A8888,8O4A8888,1
8O4A8889,8O4A8889,1
8O4A8890,8O4A8890,0
8O4A8891,8O4A8891,0
8O4A8892,8O4A8892,0
8O4A8893,8O4A8893,0
8O4A8894,8O4A8894,0
8O4A8895,8O4A8895,0
8O4A8896,8O4A8896,0
8O4A8897,8O4A8897,1
8O4A8898,8O4A8898,0
8O4A8899,8O4A8899,1
8O4A8900,8O4A8900,0
8O4A8901,8O4A8901,0
8O4A8903,8O4A8903,1
8O4A8904,8O4A8904,1
8O4A8905,8O4A8905,0
8O4A8906,8O4A8906,0
8O4A8907,8O4A8907,0
8O4A8908,8O4A8908,0
8O4A8909,8O4A8909,0
8O4A8910,8O4A8910,1
8O4A8911,8O4A8911,0
8O4A8912,8O4A8912,1
8O4A8913,8O4A8913,0
8O4A8914,8O4A8914,0
8O4A8915,8O4A8915,0
8O4A8916,8O4A8916,1
8O4A8917,8O4A8917,1
8O4A8918,8O4A8918,0
8O4A8919,8O4A8919,1
8O4A8920,8O4A8920,1
8O4A8921,8O4A8921,0
8O4A8922,8O4A8922,1
8O4A8923,8O4A8923,1
8O4A8924,8O4A8924,1
8O4A8925,8O4A8925,0
8O4A8926,8O4A8926,0
8O4A8927,8O4A8927,1
8O4A8928,8O4A8928,0
8O4A8929,8O4A8929,1
8O4A8930,8O4A8930,1
8O4A8931,8O4A8931,1
8O4A8933,8O4A8933,1
8O4A8934,8O4A8934,1
8O4A8935,8O4A8935,0
8O4A8936,8O4A8936,1
8O4A8937,8O4A8937,0
8O4A8938,8O4A8938,0
8O4A8939,8O4A8939,1
8O4A8940,8O4A8940,0
8O4A8941,8O4A8941,0
8O4A8942,8O4A8942,0
8O4A8943,8O4A8943,1
8O4A8944,8O4A8944,1
8O4A8945,8O4A8945,0
8O4A8946,8O4A8946,0
8O4A8947,8O4A8947,1
8O4A8948,8O4A8948,1
8O4A8949,8O4A8949,1
8O4A8950,8O4A8950,1
8O4A8951,8O4A8951,1
8O4A8952,8O4A8952,0
8O4A8953,8O4A8953,0
8O4A8954,8O4A8954,1
8O4A8955,8O4A8955,0
8O4A8956,8O4A8956,1
8O4A8957,8O4A8957,0
8O4A8958,8O4A8958,1
8O4A8959,8O4A8959,1
8O4A8960,8O4A8960,0
8O4A8961,8O4A8961,0
8O4A8962,8O4A8962,1
8O4A8963,8O4A8963,0
8O4A8964,8O4A8964,0
8O4A8965,8O4A8965,1
8O4A8966,8O4A8966,0
8O4A8967,8O4A8967,0
8O4A8968,8O4A8968,1
8O4A8969,8O4A8969,0
8O4A8970,8O4A8970,0
8O4A8971,8O4A8971,1
8O4A8972,8O4A8972,0
8O4A8973,8O4A8973,1
8O4A8974,8O4A8974,0
8O4A8975,8O4A8975,1
8O4A8976,8O4A8976,1
8O4A8977,8O4A8977,1
8O4A8978,8O4A8978,0
8O4A8979,8O4A8979,0
8O4A8980,8O4A8980,1
8O4A8981,8O4A8981,1
8O4A8982,8O4A8982,1
8O4A8983,8O4A8983,1
8O4A8984,8O4A8984,0
8O4A8985,8O4A8985,1
8O4A8986,8O4A8986,0
8O4A8987,8O4A8987,1
8O4A8988,8O4A8988,1
8O4A8989,8O4A8989,0
8O4A8990,8O4A8990,1
8O4A8991,8O4A8991,0
8O4A8992,8O4A8992,0
8O4A8993,8O4A8993,0
8O4A8994,8O4A8994,0
8O4A8995,8O4A8995,1
8O4A8996,8O4A8996,0
8O4A8997,8O4A8997,1
8O4A8998,8O4A8998,1
8O4A8999,8O4A8999,0
8O4A9000,8O4A9000,0
8O4A9001,8O4A9001,1
8O4A9002,8O4A9002,0
8O4A9003,8O4A9003,0
8O4A9004,8O4A9004,1
8O4A9005,8O4A9005,0
8O4A9006,8O4A9006,0
8O4A9007,8O4A9007,1
8O4A9008,8O4A9008,0
8O4A9009,8O4A9009,1
8O4A9010,8O4A9010,0
8O4A9011,8O4A9011,1
8O4A9012,8O4A9012,0
8O4A9013,8O4A9013,0
8O4A9014,8O4A9014,0
8O4A9015,8O4A9015,1
8O4A9016,8O4A9016,0
8O4A9017,8O4A9017,1
8O4A9018,8O4A9018,0
8O4A9019,8O4A9019,1
8O4A9020,8O4A9020,0
8O4A9021,8O4A9021,1
8O4A9022,8O4A9022,0
8O4A9023,8O4A9023,0
8O4A9024,8O4A9024,1
8O4A9025,8O4A9025,0
8O4A9026,8O4A9026,0
8O4A9027,8O4A9027,0
8O4A9028,8O4A9028,1
8O4A9029,8O4A9029,0
8O4A9030,8O4A9030,0
8O4A9031,8O4A9031,1
8O4A9032,8O4A9032,0
8O4A9033,8O4A9033,0
8O4A9034,8O4A9034,1
8O4A9035,8O4A9035,1
8O4A9036,8O4A9036,0
8O4A9037,8O4A9037,0
8O4A9038,8O4A9038,0
8O4A9039,8O4A9039,1
8O4A9040,8O4A9040,0
8O4A9041,8O4A9041,1
8O4A9042,8O4A9042,0
8O4A9043,8O4A9043,1
8O4A9044,8O4A9044,0
8O4A9045,8O4A9045,1
8O4A9046,8O4A9046,0
8O4A9047,8O4A9047,0
8O4A9048,8O4A9048,1
8O4A9049,8O4A9049,1
8O4A9050,8O4A9050,0
8O4A9051,8O4A9051,0
8O4A9052,8O4A9052,1
8O4A9054,8O4A9054,0
8O4A9055,8O4A9055,1
8O4A9056,8O4A9056,1
8O4A9057,8O4A9057,0
8O4A9058,8O4A9058,1
8O4A9059,8O4A9059,1
8O4A9060,8O4A9060,1
8O4A9061,8O4A9061,0
8O4A9062,8O4A9062,0
8O4A9063,8O4A9063,1
8O4A9064,8O4A9064,1
8O4A9065,8O4A9065,0
8O4A9066,8O4A9066,0
8O4A9067,8O4A9067,0
8O4A9068,8O4A9068,0
8O4A9069,8O4A9069,1
8O4A9070,8O4A9070,1
8O4A9071,8O4A9071,0
8O4A9072,8O4A9072,0
8O4A9073,8O4A9073,0
8O4A9074,8O4A9074,0
8O4A9075,8O4A9075,0
8O4A9076,8O4A9076,0
8O4A9077,8O4A9077,0
8O4A9078,8O4A9078,1
8O4A9079,8O4A9079,1
8O4A9080,8O4A9080,1
8O4A9081,8O4A9081,0
8O4A9082,8O4A9082,1
8O4A9083,8O4A9083,1
8O4A9084,8O4A9084,0
8O4A9085,8O4A9085,1
8O4A9086,8O4A9086,1
8O4A9087,8O4A9087,1
8O4A9088,8O4A9088,0
8O4A9089,8O4A9089,1
8O4A9090,8O4A9090,0
8O4A9091,8O4A9091,1
8O4A9092,8O4A9092,0
8O4A9093,8O4A9093,0
8O4A9094,8O4A9094,1
8O4A9095,8O4A9095,1
8O4A9096,8O4A9096,0
8O4A9097,8O4A9097,1
8O4A9098,8O4A9098,0
8O4A9099,8O4A9099,1
8O4A9100,8O4A9100,1
8O4A9101,8O4A9101,0
8O4A9102,8O4A9102,1
8O4A9103,8O4A9103,0
8O4A9104,8O4A9104,0
8O4A9105,8O4A9105,0
8O4A9106,8O4A9106,0
8O4A9107,8O4A9107,0
8O4A9108,8O4A9108,0
8O4A9109,8O4A9109,1
8O4A9110,8O4A9110,1
8O4A9111,8O4A9111,1
8O4A9112,8O4A9112,0
8O4A9113,8O4A9113,0
8O4A9114,8O4A9114,1
8O4A9115,8O4A9115,0
8O4A9116,8O4A9116,1
8O4A9117,8O4A9117,0
8O4A9118,8O4A9118,0
8O4A9119,8O4A9119,0
8O4A9120,8O4A9120,0
8O4A9121,8O4A9121,1
8O4A9122,8O4A9122,0
8O4A9123,8O4A9123,1
8O4A9124,8O4A9124,0
8O4A9125,8O4A9125,1
8O4A9126,8O4A9126,0
8O4A9127,8O4A9127,0
8O4A9128,8O4A9128,0
8O4A9129,8O4A9129,1
8O4A9130,8O4A9130,0
8O4A9131,8O4A9131,1
8O4A9132,8O4A9132,0
8O4A9133,8O4A9133,0
8O4A9134,8O4A9134,1
8O4A9135,8O4A9135,0
8O4A9136,8O4A9136,0
8O4A9137,8O4A9137,1
8O4A9138,8O4A9138,0
8O4A9139,8O4A9139,1
8O4A9140,8O4A9140,0
8O4A9141,8O4A9141,0
8O4A9142,8O4A9142,0
8O4A9143,8O4A9143,0
8O4A9144,8O4A9144,0
8O4A9145,8O4A9145,1
8O4A9146,8O4A9146,1
8O4A9147,8O4A9147,1
8O4A9148,8O4A9148,0
8O4A9149,8O4A9149,0
8O4A9150,8O4A9150,0
8O4A9151,8O4A9151,0
8O4A9152,8O4A9152,1
8O4A9153,8O4A9153,0
8O4A9154,8O4A9154,0
8O4A9155,8O4A9155,1
8O4A9156,8O4A9156,0
8O4A9157,8O4A9157,0
8O4A9158,8O4A9158,1
8O4A9159,8O4A9159,1
8O4A9160,8O4A9160,0
8O4A9161,8O4A9161,1
8O4A9162,8O4A9162,1
8O4A9163,8O4A9163,1
8O4A9164,8O4A9164,0
8O4A9165,8O4A9165,0
8O4A9166,8O4A9166,0
8O4A9167,8O4A9167,1
8O4A9168,8O4A9168,0
8O4A9169,8O4A9169,1
8O4A9170,8O4A9170,0
8O4A9171,8O4A9171,1
8O4A9172,8O4A9172,1
8O4A9173,8O4A9173,1
8O4A9174,8O4A9174,0
8O4A9175,8O4A9175,1
8O4A9176,8O4A9176,0
8O4A9177,8O4A9177,1
8O4A9178,8O4A9178,0
8O4A9179,8O4A9179,1
8O4A9180,8O4A9180,0
8O4A9181,8O4A9181,1
8O4A9182,8O4A9182,1
8O4A9183,8O4A9183,1
8O4A9184,8O4A9184,1
8O4A9185,8O4A9185,0
8O4A9186,8O4A9186,0
8O4A9187,8O4A9187,1
8O4A9188,8O4A9188,0
8O4A9189,8O4A9189,0
8O4A9190,8O4A9190,0
8O4A9191,8O4A9191,0
8O4A9192,8O4A9192,0
8O4A9193,8O4A9193,1
8O4A9194,8O4A9194,0
8O4A9195,8O4A9195,0
8O4A9196,8O4A9196,1
8O4A9197,8O4A9197,0
8O4A9198,8O4A9198,1
8O4A9199,8O4A9199,1
8O4A9200,8O4A9200,0
8O4A9201,8O4A9201,1
8O4A9202,8O4A9202,0
8O4A9203,8O4A9203,1
8O4A9204,8O4A9204,0
8O4A9205,8O4A9205,1
8O4A9206,8O4A9206,0
8O4A9207,8O4A9207,0
8O4A9208,8O4A9208,0
8O4A9209,8O4A9209,0
8O4A9210,8O4A9210,1
8O4A9211,8O4A9211,1
8O4A9212,8O4A9212,1
8O4A9213,8O4A9213,1
8O4A9214,8O4A9214,0
8O4A9215,8O4A9215,0
8O4A9216,8O4A9216,1
8O4A9217,8O4A9217,0
8O4A9218,8O4A9218,1
8O4A9219,8O4A9219,0
8O4A9220,8O4A9220,1
8O4A9221,8O4A9221,0
8O4A9222,8O4A9222,0
8O4A9223,8O4A9223,0
8O4A9224,8O4A9224,1
8O4A9225,8O4A9225,0
8O4A9226,8O4A9226,0
8O4A9227,8O4A9227,1
8O4A9228,8O4A9228,0
8O4A9229,8O4A9229,1
8O4A9230,8O4A9230,0
8O4A9231,8O4A9231,0
8O4A9232,8O4A9232,0
8O4A9233,8O4A9233,0
8O4A9234,8O4A9234,0
8O4A9235,8O4A9235,0
8O4A9236,8O4A9236,0
8O4A9237,8O4A9237,0
8O4A9238,8O4A9238,0
8O4A9239,8O4A9239,0
8O4A9240,8O4A9240,0
8O4A9241,8O4A9241,1
8O4A9242,8O4A9242,0
8O4A9243,8O4A9243,0
8O4A9244,8O4A9244,0
8O4A9245,8O4A9245,0
8O4A9246,8O4A9246,1
8O4A9247,8O4A9247,1
8O4A9248,8O4A9248,0
8O4A9249,8O4A9249,1
8O4A9250,8O4A9250,0
8O4A9251,8O4A9251,1
8O4A9252,8O4A9252,0
8O4A9253,8O4A9253,0
8O4A9254,8O4A9254,0
8O4A9255,8O4A9255,0
8O4A9256,8O4A9256,1
8O4A9257,8O4A9257,0
8O4A9258,8O4A9258,1
8O4A9259,8O4A9259,0
8O4A9260,8O4A9260,0
8O4A9261,8O4A9261,0
8O4A9262,8O4A9262,0
8O4A9263,8O4A9263,1
8O4A9264,8O4A9264,0
8O4A9265,8O4A9265,0
8O4A9266,8O4A9266,1
8O4A9267,8O4A9267,0
8O4A9268,8O4A9268,1
8O4A9269,8O4A9269,1
8O4A9270,8O4A9270,0
8O4A9271,8O4A9271,1
8O4A9272,8O4A9272,0
8O4A9273,8O4A9273,0
8O4A9274,8O4A9274,0
8O4A9275,8O4A9275,1
8O4A9276,8O4A9276,1
8O4A9277,8O4A9277,1
8O4A9278,8O4A9278,0
8O4A9279,8O4A9279,1
8O4A9280,8O4A9280,1
8O4A9281,8O4A9281,0
8O4A9282,8O4A9282,0
8O4A9283,8O4A9283,0
8O4A9284,8O4A9284,0
8O4A9285,8O4A9285,1
8O4A9286,8O4A9286,1
8O4A9287,8O4A9287,0
8O4A9288,8O4A9288,1
8O4A9289,8O4A9289,0
8O4A9290,8O4A9290,1
8O4A9291,8O4A9291,0
8O4A9292,8O4A9292,0
8O4A9293,8O4A9293,1
8O4A9294,8O4A9294,0
8O4A9295,8O4A9295,0
8O4A9296,8O4A9296,0
8O4A9297,8O4A9297,0
8O4A9298,8O4A9298,1
8O4A9299,8O4A9299,0
8O4A9300,8O4A9300,1
8O4A9301,8O4A9301,0
8O4A9302,8O4A9302,1
8O4A9303,8O4A9303,0
8O4A9304,8O4A9304,1
8O4A9305,8O4A9305,0
8O4A9306,8O4A9306,0
8O4A9307,8O4A9307,0
8O4A9308,8O4A9308,0
8O4A9309,8O4A9309,1
8O4A9310,8O4A9310,0
8O4A9311,8O4A9311,0
8O4A9312,8O4A9312,0
8O4A9313,8O4A9313,1
8O4A9314,8O4A9314,0
8O4A9315,8O4A9315,0
8O4A9316,8O4A9316,0
8O4A9317,8O4A9317,0
8O4A9318,8O4A9318,0
8O4A9319,8O4A9319,0
8O4A9320,8O4A9320,1
8O4A9321,8O4A9321,0
8O4A9322,8O4A9322,1
8O4A9323,8O4A9323,0
8O4A9324,8O4A9324,1
8O4A9325,8O4A9325,0
8O4A9326,8O4A9326,1
8O4A9327,8O4A9327,0
8O4A9328,8O4A9328,1
8O4A9329,8O4A9329,0
8O4A9330,8O4A9330,0
8O4A9331,8O4A9331,0
8O4A9332,8O4A9332,0
8O4A9333,8O4A9333,0
8O4A9335,8O4A9335,0
8O4A9336,8O4A9336,0
8O4A9337,8O4A9337,0
8O4A9338,8O4A9338,0
8O4A9339,8O4A9339,0
8O4A9340,8O4A9340,0
8O4A9341,8O4A9341,0
8O4A9342,8O4A9342,0
8O4A9343,8O4A9343,0
8O4A9344,8O4A9344,0
8O4A9345,8O4A9345,1
8O4A9346,8O4A9346,0
8O4A9347,8O4A9347,0
8O4A9348,8O4A9348,0
8O4A9349,8O4A9349,0
8O4A9350,8O4A9350,0
8O4A9351,8O4A9351,0
8O4A9352,8O4A9352,0
8O4A9353,8O4A9353,0
8O4A9354,8O4A9354,0
8O4A9355,8O4A9355,0
8O4A9356,8O4A9356,0
8O4A9357,8O4A9357,0
8O4A9358,8O4A9358,0
8O4A9359,8O4A9359,1
8O4A9360,8O4A9360,0
8O4A9361,8O4A9361,0
8O4A9362,8O4A9362,1
8O4A9363,8O4A9363,0
8O4A9364,8O4A9364,0
8O4A9365,8O4A9365,0
8O4A9366,8O4A9366,1
8O4A9367,8O4A9367,0
8O4A9368,8O4A9368,1
8O4A9369,8O4A9369,0
8O4A9370,8O4A9370,0
8O4A9371,8O4A9371,0
8O4A9372,8O4A9372,0
8O4A9373,8O4A9373,0
8O4A9374,8O4A9374,0
8O4A9375,8O4A9375,0
8O4A9376,8O4A9376,1
8O4A9377,8O4A9377,0
8O4A9378,8O4A9378,0
8O4A9379,8O4A9379,0
8O4A9380,8O4A9380,1
8O4A9381,8O4A9381,0
8O4A9382,8O4A9382,0
8O4A9384,8O4A9384,0
8O4A9385,8O4A9385,0
8O4A9386,8O4A9386,0
8O4A9390,8O4A9390,0
8O4A9391,8O4A9391,0
8O4A9393,8O4A9393,0
8O4A9394,8O4A9394,1
8O4A9395,8O4A9395,1
8O4A9396,8O4A9396,0
8O4A9397,8O4A9397,1
8O4A9398,8O4A9398,0
8O4A9399,8O4A9399,1
8O4A9400,8O4A9400,0
8O4A9401,8O4A9401,1
8O4A9402,8O4A9402,0
8O4A9403,8O4A9403,1
8O4A9404,8O4A9404,0
8O4A9405,8O4A9405,1
8O4A9406,8O4A9406,0
8O4A9407,8O4A9407,1
8O4A9408,8O4A9408,0
8O4A9409,8O4A9409,0
8O4A9410,8O4A9410,0
8O4A9411,8O4A9411,0
8O4A9412,8O4A9412,1
8O4A9413,8O4A9413,0
8O4A9414,8O4A9414,1
8O4A9415,8O4A9415,1
8O4A9416,8O4A9416,0
8O4A9417,8O4A9417,0
8O4A9418,8O4A9418,1
8O4A9419,8O4A9419,1
8O4A9420,8O4A9420,0
8O4A9421,8O4A9421,0
8O4A9422,8O4A9422,0
8O4A9423,8O4A9423,0
8O4A9424,8O4A9424,0
8O4A9425,8O4A9425,1
8O4A9426,8O4A9426,0
8O4A9427,8O4A9427,0
8O4A9428,8O4A9428,1
8O4A9429,8O4A9429,0
8O4A9430,8O4A9430,0
8O4A9431,8O4A9431,0
8O4A9432,8O4A9432,0
8O4A9433,8O4A9433,0
8O4A9434,8O4A9434,0
8O4A9435,8O4A9435,0
8O4A9436,8O4A9436,0
8O4A9437,8O4A9437,0
8O4A9438,8O4A9438,1
8O4A9439,8O4A9439,0
8O4A9440,8O4A9440,0
8O4A9441,8O4A9441,0
8O4A9443,8O4A9443,0
8O4A9444,8O4A9444,1
8O4A9446,8O4A9446,0
8O4A9447,8O4A9447,1
8O4A9450,8O4A9450,1
8O4A9451,8O4A9451,1
8O4A9452,8O4A9452,1
8O4A9454,8O4A9454,0
8O4A9456,8O4A9456,0
8O4A9457,8O4A9457,1
8O4A9458,8O4A9458,0
8O4A9459,8O4A9459,0
8O4A9460,8O4A9460,0
8O4A9461,8O4A9461,1
8O4A9462,8O4A9462,1
8O4A9464,8O4A9464,0
8O4A9465,8O4A9465,0
8O4A9467,8O4A9467,0
8O4A9468,8O4A9468,0
8O4A9469,8O4A9469,0
8O4A9470,8O4A9470,0
8O4A9471,8O4A9471,1
8O4A9472,8O4A9472,0
8O4A9473,8O4A9473,1
8O4A9474,8O4A9474,1
8O4A9475,8O4A9475,0
8O4A9476,8O4A9476,1
8O4A9477,8O4A9477,0
8O4A9480,8O4A9480,0
8O4A9481,8O4A9481,0
8O4A9482,8O4A9482,1
8O4A9483,8O4A9483,0
8O4A9484,8O4A9484,1
8O4A9487,8O4A9487,1
8O4A9488,8O4A9488,0
8O4A9489,8O4A9489,0
8O4A9490,8O4A9490,0
8O4A9491,8O4A9491,1
8O4A9492,8O4A9492,0
8O4A9493,8O4A9493,0
8O4A9494,8O4A9494,0
8O4A9495,8O4A9495,1
8O4A9496,8O4A9496,0
8O4A9497,8O4A9497,1
8O4A9498,8O4A9498,0
8O4A9499,8O4A9499,1
8O4A9500,8O4A9500,1
8O4A9501,8O4A9501,1
8O4A9502,8O4A9502,0
8O4A9503,8O4A9503,1
8O4A9504,8O4A9504,0
8O4A9505,8O4A9505,1
8O4A9506,8O4A9506,1
8O4A9507,8O4A9507,1
8O4A9508,8O4A9508,0
8O4A9509,8O4A9509,1
8O4A9510,8O4A9510,0
8O4A9511,8O4A9511,1
8O4A9512,8O4A9512,0
8O4A9513,8O4A9513,0
8O4A9514,8O4A9514,1
8O4A9515,8O4A9515,0
8O4A9517,8O4A9517,1
8O4A9520,8O4A9520,1
8O4A9522,8O4A9522,0
8O4A9524,8O4A9524,1
8O4A9525,8O4A9525,1
8O4A9526,8O4A9526,0
8O4A9527,8O4A9527,1
8O4A9528,8O4A9528,0
8O4A9529,8O4A9529,0
8O4A9530,8O4A9530,1
8O4A9531,8O4A9531,1
8O4A9532,8O4A9532,0
8O4A9533,8O4A9533,1
8O4A9534,8O4A9534,1
8O4A9535,8O4A9535,0
8O4A9537,8O4A9537,1
8O4A9538,8O4A9538,0
8O4A9540,8O4A9540,0
8O4A9541,8O4A9541,1
8O4A9542,8O4A9542,1
8Y9A1516,8Y9A1516,0
8Y9A1517,8Y9A1517,0
8Y9A1518,8Y9A1518,1
8Y9A1519,8Y9A1519,0
8Y9A1520,8Y9A1520,0
8Y9A1522,8Y9A1522,0
8Y9A1523,8Y9A1523,0
8Y9A1524,8Y9A1524,0
8Y9A1525,8Y9A1525,0
8Y9A1526,8Y9A1526,0
8Y9A1527,8Y9A1527,0
8Y9A1528,8Y9A1528,0
8Y9A1529,8Y9A1529,0
8Y9A1530,8Y9A1530,0
8Y9A1531,8Y9A1531,0
8Y9A1532,8Y9A1532,1
8Y9A1533,8Y9A1533,1
8Y9A1534,8Y9A1534,0
8Y9A1535,8Y9A1535,1
8Y9A1536,8Y9A1536,1
8Y9A1537,8Y9A1537,0
8Y9A1538,8Y9A1538,0
8Y9A1539,8Y9A1539,1
8Y9A1540,8Y9A1540,0
8Y9A1541,8Y9A1541,1
8Y9A1542,8Y9A1542,0
8Y9A1543,8Y9A1543,0
8Y9A1544,8Y9A1544,0
8Y9A1545,8Y9A1545,1
8Y9A1546,8Y9A1546,0
8Y9A1547,8Y9A1547,1
8Y9A1548,8Y9A1548,0
8Y9A1549,8Y9A1549,0
8Y9A1550,8Y9A1550,1
8Y9A1551,8Y9A1551,1
8Y9A1552,8Y9A1552,1
8Y9A1553,8Y9A1553,0
8Y9A1554,8Y9A1554,1
8Y9A1555,8Y9A1555,0
8Y9A1556,8Y9A1556,0
8Y9A1557,8Y9A1557,1
8Y9A1558,8Y9A1558,0
8Y9A1559,8Y9A1559,0
8Y9A1560,8Y9A1560,1
8Y9A1561,8Y9A1561,0
8Y9A1562,8Y9A1562,0
8Y9A1563,8Y9A1563,1
8Y9A1564,8Y9A1564,0
8Y9A1565,8Y9A1565,0
8Y9A1566,8Y9A1566,0
8Y9A1567,8Y9A1567,0
8Y9A1568,8Y9A1568,0
8Y9A1569,8Y9A1569,0
8Y9A1570,8Y9A1570,0
8Y9A1571,8Y9A1571,0
8Y9A1572,8Y9A1572,0
8Y9A1573,8Y9A1573,0
8Y9A1574,8Y9A1574,0
8Y9A1575,8Y9A1575,0
8Y9A1576,8Y9A1576,0
8Y9A1577,8Y9A1577,0
8Y9A1578,8Y9A1578,0
8Y9A1579,8Y9A1579,0
8Y9A1580,8Y9A1580,0
8Y9A1581,8Y9A1581,0
8Y9A1582,8Y9A1582,0
8Y9A1583,8Y9A1583,0
8Y9A1584,8Y9A1584,0
8Y9A1585,8Y9A1585,0
8Y9A1586,8Y9A1586,0
8Y9A1587,8Y9A1587,0
8Y9A1588,8Y9A1588,0
8Y9A1589,8Y9A1589,0
8Y9A1590,8Y9A1590,0
8Y9A1591,8Y9A1591,0
8Y9A1592,8Y9A1592,0
8Y9A1593,8Y9A1593,0
8Y9A1594,8Y9A1594,0
8Y9A1595,8Y9A1595,0
8Y9A1596,8Y9A1596,0
8Y9A1597,8Y9A1597,0
8Y9A1598,8Y9A1598,0
8Y9A1599,8Y9A1599,0
8Y9A1600,8Y9A1600,0
8Y9A1601,8Y9A1601,0
8Y9A1602,8Y9A1602,0
8Y9A1603,8Y9A1603,0
8Y9A1604,8Y9A1604,0
8Y9A1605,8Y9A1605,1
8Y9A1606,8Y9A1606,0
8Y9A1607,8Y9A1607,0
8Y9A1608,8Y9A1608,0
8Y9A1609,8Y9A1609,0
8Y9A1610,8Y9A1610,0
8Y9A1611,8Y9A1611,0
8Y9A1612,8Y9A1612,1
8Y9A1613,8Y9A1613,1
8Y9A1615,8Y9A1615,1
8Y9A1616,8Y9A1616,0
8Y9A1617,8Y9A1617,1
8Y9A1618,8Y9A1618,0
8Y9A1619,8Y9A1619,0
8Y9A1620,8Y9A1620,0
8Y9A1621,8Y9A1621,0
8Y9A1622,8Y9A1622,0
8Y9A1623,8Y9A1623,0
8Y9A1624,8Y9A1624,1
8Y9A1625,8Y9A1625,0
8Y9A1626,8Y9A1626,0
8Y9A1627,8Y9A1627,0
8Y9A1628,8Y9A1628,0
8Y9A1629,8Y9A1629,1
8Y9A1630,8Y9A1630,0
8Y9A1631,8Y9A1631,1
8Y9A1632,8Y9A1632,1
8Y9A1633,8Y9A1633,0
8Y9A1634,8Y9A1634,0
8Y9A1635,8Y9A1635,0
8Y9A1636,8Y9A1636,1
8Y9A1637,8Y9A1637,0
8Y9A1638,8Y9A1638,0
8Y9A1639,8Y9A1639,1
8Y9A1640,8Y9A1640,1
8Y9A1641,8Y9A1641,0
8Y9A1642,8Y9A1642,0
8Y9A1643,8Y9A1643,0
8Y9A1644,8Y9A1644,1
8Y9A1645,8Y9A1645,0
8Y9A1646,8Y9A1646,0
8Y9A1648,8Y9A1648,0
8Y9A1649,8Y9A1649,1
8Y9A1652,8Y9A1652,1
8Y9A1653,8Y9A1653,1
8Y9A1654,8Y9A1654,0
8Y9A1655,8Y9A1655,1
8Y9A1656,8Y9A1656,0
8Y9A1657,8Y9A1657,1
8Y9A1658,8Y9A1658,0
8Y9A1659,8Y9A1659,0
8Y9A1660,8Y9A1660,0
8Y9A1661,8Y9A1661,1
8Y9A1662,8Y9A1662,0
8Y9A1663,8Y9A1663,0
8Y9A1664,8Y9A1664,0
8Y9A1665,8Y9A1665,0
8Y9A1666,8Y9A1666,0
8Y9A1667,8Y9A1667,0
8Y9A1668,8Y9A1668,1
8Y9A1669,8Y9A1669,0
8Y9A1670,8Y9A1670,1
8Y9A1671,8Y9A1671,0
8Y9A1672,8Y9A1672,0
8Y9A1673,8Y9A1673,1
8Y9A1674,8Y9A1674,0
8Y9A1675,8Y9A1675,1
8Y9A1676,8Y9A1676,0
8Y9A1677,8Y9A1677,1
8Y9A1678,8Y9A1678,0
8Y9A1679,8Y9A1679,0
8Y9A1680,8Y9A1680,0
8Y9A1681,8Y9A1681,0
8Y9A1682,8Y9A1682,1
8Y9A1683,8Y9A1683,0
8Y9A1684,8Y9A1684,1
8Y9A1685,8Y9A1685,1
8Y9A1686,8Y9A1686,0
8Y9A1687,8Y9A1687,0
8Y9A1688,8Y9A1688,0
8Y9A1689,8Y9A1689,1
8Y9A1690,8Y9A1690,1
8Y9A1691,8Y9A1691,1
8Y9A1693,8Y9A1693,0
8Y9A1694,8Y9A1694,0
8Y9A1697,8Y9A1697,0
8Y9A1699,8Y9A1699,0
8Y9A1700,8Y9A1700,0
8Y9A1701,8Y9A1701,0
8Y9A1702,8Y9A1702,0
8Y9A1703,8Y9A1703,0
8Y9A1704,8Y9A1704,0
8Y9A1705,8Y9A1705,0
8Y9A1706,8Y9A1706,0
8Y9A1707,8Y9A1707,0
8Y9A1708,8Y9A1708,0
8Y9A1709,8Y9A1709,0
8Y9A1710,8Y9A1710,0
8Y9A1711,8Y9A1711,0
8Y9A1712,8Y9A1712,0
8Y9A1713,8Y9A1713,0
8Y9A1714,8Y9A1714,0
8Y9A1715,8Y9A1715,0
8Y9A1716,8Y9A1716,0
8Y9A1717,8Y9A1717,0
8Y9A1718,8Y9A1718,0
8Y9A1719,8Y9A1719,0
8Y9A1720,8Y9A1720,0
8Y9A1721,8Y9A1721,0
8Y9A1723,8Y9A1723,1
8Y9A1725,8Y9A1725,1
8Y9A1730,8Y9A1730,0
8Y9A1731,8Y9A1731,1
8Y9A1732,8Y9A1732,0
8Y9A1734,8Y9A1734,0
8Y9A1735,8Y9A1735,0
8Y9A1738,8Y9A1738,0
8Y9A1739,8Y9A1739,0
8Y9A1740,8Y9A1740,1
8Y9A1741,8Y9A1741,0
8Y9A1743,8Y9A1743,0
8Y9A1744,8Y9A1744,1
8Y9A1749,8Y9A1749,1
8Y9A1750,8Y9A1750,0
8Y9A1751,8Y9A1751,1
8Y9A1752,8Y9A1752,1
8Y9A1753,8Y9A1753,0
8Y9A1754,8Y9A1754,1
8Y9A1756,8Y9A1756,0
8Y9A1757,8Y9A1757,1
8Y9A1758,8Y9A1758,0
8Y9A1759,8Y9A1759,0
8Y9A1760,8Y9A1760,0
8Y9A1761,8Y9A1761,1
8Y9A1762,8Y9A1762,0
8Y9A1763,8Y9A1763,0
8Y9A1765,8Y9A1765,0
8Y9A1766,8Y9A1766,0
8Y9A1767,8Y9A1767,1
8Y9A1768,8Y9A1768,0
8Y9A1769,8Y9A1769,0
8Y9A1770,8Y9A1770,1
8Y9A1771,8Y9A1771,0
8Y9A1772,8Y9A1772,0
8Y9A1773,8Y9A1773,0
8Y9A1774,8Y9A1774,0
8Y9A1775,8Y9A1775,0
8Y9A1776,8Y9A1776,0
8Y9A1777,8Y9A1777,0
8Y9A1779,8Y9A1779,0
8Y9A1780,8Y9A1780,1
8Y9A1781,8Y9A1781,0
8Y9A1782,8Y9A1782,0
8Y9A1783,8Y9A1783,0
8Y9A1788,8Y9A1788,1
8Y9A1789,8Y9A1789,0
8Y9A1790,8Y9A1790,0
8Y9A1791,8Y9A1791,0
8Y9A1792,8Y9A1792,0
8Y9A1793,8Y9A1793,0
8Y9A1794,8Y9A1794,0
8Y9A1795,8Y9A1795,0
8Y9A1796,8Y9A1796,0
8Y9A1797,8Y9A1797,0
8Y9A1798,8Y9A1798,0
8Y9A1799,8Y9A1799,0
8Y9A1800,8Y9A1800,0
8Y9A1801,8Y9A1801,0
8Y9A1802,8Y9A1802,0
8Y9A1803,8Y9A1803,0
8Y9A1805,8Y9A1805,0
8Y9A1806,8Y9A1806,0
8Y9A1807,8Y9A1807,0
8Y9A1808,8Y9A1808,0
8Y9A1809,8Y9A1809,0
8Y9A1810,8Y9A1810,0
8Y9A1811,8Y9A1811,0
8Y9A1812,8Y9A1812,0
8Y9A1813,8Y9A1813,0
8Y9A1814,8Y9A1814,0
8Y9A1815,8Y9A1815,1
8Y9A1816,8Y9A1816,0
8Y9A1817,8Y9A1817,0
8Y9A1818,8Y9A1818,1
8Y9A1820,8Y9A1820,0
8Y9A1821,8Y9A1821,0
8Y9A1822,8Y9A1822,0
8Y9A1823,8Y9A1823,1
8Y9A1824,8Y9A1824,0
8Y9A1826,8Y9A1826,1
8Y9A1827,8Y9A1827,1
8Y9A1828,8Y9A1828,1
8Y9A1829,8Y9A1829,1
8Y9A1830,8Y9A1830,0
8Y9A1831,8Y9A1831,0
8Y9A1832,8Y9A1832,0
8Y9A1833,8Y9A1833,0
8Y9A1834,8Y9A1834,0
8Y9A1835,8Y9A1835,0
8Y9A1836,8Y9A1836,0
8Y9A1837,8Y9A1837,0
8Y9A1838,8Y9A1838,1
8Y9A1839,8Y9A1839,0
8Y9A1840,8Y9A1840,1
8Y9A1841,8Y9A1841,1
8Y9A1842,8Y9A1842,0
8Y9A1843,8Y9A1843,0
8Y9A1844,8Y9A1844,0
8Y9A1845,8Y9A1845,0
8Y9A1846,8Y9A1846,0
8Y9A1847,8Y9A1847,0
8Y9A1849,8Y9A1849,1
8Y9A1850,8Y9A1850,0
8Y9A1851,8Y9A1851,0
8Y9A1852,8Y9A1852,0
8Y9A1853,8Y9A1853,1
8Y9A1854,8Y9A1854,1
8Y9A1855,8Y9A1855,0
8Y9A1856,8Y9A1856,0
8Y9A1857,8Y9A1857,0
8Y9A1858,8Y9A1858,1
8Y9A1859,8Y9A1859,0
8Y9A1860,8Y9A1860,0
8Y9A1861,8Y9A1861,0
8Y9A1863,8Y9A1863,0
8Y9A1864,8Y9A1864,0
8Y9A1865,8Y9A1865,0
8Y9A1866,8Y9A1866,1
8Y9A1867,8Y9A1867,0
8Y9A1868,8Y9A1868,0
8Y9A1869,8Y9A1869,1
8Y9A1870,8Y9A1870,0
8Y9A1871,8Y9A1871,1
8Y9A1872,8Y9A1872,0
8Y9A1873,8Y9A1873,0
8Y9A1874,8Y9A1874,0
8Y9A1875,8Y9A1875,0
8Y9A1876,8Y9A1876,0
8Y9A1877,8Y9A1877,1
8Y9A1878,8Y9A1878,1
8Y9A1879,8Y9A1879,0
8Y9A1880,8Y9A1880,0
8Y9A1881,8Y9A1881,0
8Y9A1882,8Y9A1882,0
8Y9A1883,8Y9A1883,0
8Y9A1884,8Y9A1884,0
8Y9A1885,8Y9A1885,1
8Y9A1886,8Y9A1886,0
8Y9A1887,8Y9A1887,0
8Y9A1888,8Y9A1888,1
8Y9A1889,8Y9A1889,0
8Y9A1890,8Y9A1890,1
8Y9A1891,8Y9A1891,0
8Y9A1892,8Y9A1892,0
8Y9A1893,8Y9A1893,0
8Y9A1894,8Y9A1894,0
8Y9A1895,8Y9A1895,0
8Y9A1896,8Y9A1896,1
8Y9A1897,8Y9A1897,0
8Y9A1898,8Y9A1898,0
8Y9A1899,8Y9A1899,0
8Y9A1900,8Y9A1900,0
8Y9A1901,8Y9A1901,0
8Y9A1902,8Y9A1902,0
8Y9A1903,8Y9A1903,0
8Y9A1904,8Y9A1904,0
8Y9A1905,8Y9A1905,0
8Y9A1906,8Y9A1906,1
8Y9A1907,8Y9A1907,0
8Y9A1908,8Y9A1908,0
8Y9A1909,8Y9A1909,0
8Y9A1910,8Y9A1910,0
8Y9A1911,8Y9A1911,1
8Y9A1912,8Y9A1912,0
8Y9A1913,8Y9A1913,0
8Y9A1914,8Y9A1914,0
8Y9A1915,8Y9A1915,0
8Y9A1916,8Y9A1916,0
8Y9A1917,8Y9A1917,0
8Y9A1918,8Y9A1918,0
8Y9A1919,8Y9A1919,0
8Y9A1920,8Y9A1920,0
8Y9A1922,8Y9A1922,0
8Y9A1924,8Y9A1924,0
8Y9A1925,8Y9A1925,0
8Y9A1926,8Y9A1926,0
8Y9A1928,8Y9A1928,0
8Y9A1929,8Y9A1929,1
8Y9A1930,8Y9A1930,0
8Y9A1931,8Y9A1931,0
8Y9A1932,8Y9A1932,1
8Y9A1933,8Y9A1933,0
8Y9A1934,8Y9A1934,0
8Y9A1935,8Y9A1935,0
8Y9A1936,8Y9A1936,1
8Y9A1937,8Y9A1937,0
8Y9A1938,8Y9A1938,0
8Y9A1939,8Y9A1939,0
8Y9A1940,8Y9A1940,1
8Y9A1941,8Y9A1941,0
8Y9A1942,8Y9A1942,0
8Y9A1943,8Y9A1943,0
8Y9A1944,8Y9A1944,0
8Y9A1945,8Y9A1945,0
8Y9A1946,8Y9A1946,0
8Y9A1947,8Y9A1947,0
8Y9A1948,8Y9A1948,1
8Y9A1949,8Y9A1949,0
8Y9A1950,8Y9A1950,1
8Y9A1951,8Y9A1951,0
8Y9A1952,8Y9A1952,0
8Y9A1953,8Y9A1953,0
8Y9A1954,8Y9A1954,1
8Y9A1955,8Y9A1955,0
8Y9A1956,8Y9A1956,1
8Y9A1957,8Y9A1957,0
8Y9A1958,8Y9A1958,0
8Y9A1959,8Y9A1959,1
8Y9A1960,8Y9A1960,0
8Y9A1961,8Y9A1961,0
8Y9A1962,8Y9A1962,1
8Y9A1963,8Y9A1963,0
8Y9A1964,8Y9A1964,0
8Y9A1965,8Y9A1965,0
8Y9A1966,8Y9A1966,0
8Y9A1967,8Y9A1967,1
8Y9A1968,8Y9A1968,0
8Y9A1969,8Y9A1969,1
8Y9A1970,8Y9A1970,0
8Y9A1971,8Y9A1971,1
8Y9A1972,8Y9A1972,1
8Y9A1973,8Y9A1973,0
8Y9A1974,8Y9A1974,1
8Y9A1975,8Y9A1975,0
8Y9A1976,8Y9A1976,1
8Y9A1977,8Y9A1977,0
8Y9A1978,8Y9A1978,0
8Y9A1979,8Y9A1979,1
8Y9A1980,8Y9A1980,0
8Y9A1981,8Y9A1981,1
8Y9A1982,8Y9A1982,1
8Y9A1983,8Y9A1983,0
8Y9A1984,8Y9A1984,0
8Y9A1985,8Y9A1985,0
8Y9A1986,8Y9A1986,1
8Y9A1987,8Y9A1987,1
8Y9A1988,8Y9A1988,0
8Y9A1989,8Y9A1989,1
8Y9A1990,8Y9A1990,1
8Y9A1991,8Y9A1991,0
8Y9A1992,8Y9A1992,0
8Y9A1993,8Y9A1993,1
8Y9A1994,8Y9A1994,0
8Y9A1995,8Y9A1995,0
8Y9A1996,8Y9A1996,1
8Y9A1997,8Y9A1997,0
8Y9A1998,8Y9A1998,1
8Y9A1999,8Y9A1999,0
8Y9A2000,8Y9A2000,0
8Y9A2002,8Y9A2002,1
8Y9A2003,8Y9A2003,1
8Y9A2004,8Y9A2004,1
8Y9A2005,8Y9A2005,0
8Y9A2006,8Y9A2006,0
8Y9A2007,8Y9A2007,1
8Y9A2008,8Y9A2008,1
8Y9A2009,8Y9A2009,0
8Y9A2010,8Y9A2010,0
8Y9A2011,8Y9A2011,1
8Y9A2012,8Y9A2012,0
8Y9A2013,8Y9A2013,0
8Y9A2014,8Y9A2014,0
8Y9A2015,8Y9A2015,0
8Y9A2016,8Y9A2016,1
8Y9A2017,8Y9A2017,0
8Y9A2018,8Y9A2018,0
8Y9A2019,8Y9A2019,1
8Y9A2020,8Y9A2020,1
8Y9A2021,8Y9A2021,0
8Y9A2022,8Y9A2022,1
8Y9A2023,8Y9A2023,0
8Y9A2024,8Y9A2024,0
8Y9A2025,8Y9A2025,0
8Y9A2026,8Y9A2026,1
8Y9A2027,8Y9A2027,1
8Y9A2028,8Y9A2028,1
8Y9A2029,8Y9A2029,0
8Y9A2030,8Y9A2030,1
8Y9A2031,8Y9A2031,0
8Y9A2032,8Y9A2032,0
8Y9A2033,8Y9A2033,1
8Y9A2034,8Y9A2034,0
8Y9A2035,8Y9A2035,1
8Y9A2036,8Y9A2036,0
8Y9A2039,8Y9A2039,1
8Y9A2040,8Y9A2040,1
8Y9A2041,8Y9A2041,0
8Y9A2042,8Y9A2042,1
8Y9A2043,8Y9A2043,0
8Y9A2044,8Y9A2044,0
8Y9A2045,8Y9A2045,0
8Y9A2046,8Y9A2046,0
8Y9A2047,8Y9A2047,0
8Y9A2048,8Y9A2048,1
8Y9A2049,8Y9A2049,0
8Y9A2050,8Y9A2050,0
8Y9A2051,8Y9A2051,1
8Y9A2052,8Y9A2052,0
8Y9A2053,8Y9A2053,0
8Y9A2054,8Y9A2054,1
8Y9A2055,8Y9A2055,0
8Y9A2056,8Y9A2056,1
8Y9A2057,8Y9A2057,1
8Y9A2058,8Y9A2058,0
8Y9A2059,8Y9A2059,1
8Y9A2060,8Y9A2060,0
8Y9A2061,8Y9A2061,0
8Y9A2062,8Y9A2062,0
8Y9A2063,8Y9A2063,0
8Y9A2064,8Y9A2064,1
8Y9A2065,8Y9A2065,0
8Y9A2066,8Y9A2066,1
8Y9A2067,8Y9A2067,0
8Y9A2068,8Y9A2068,1
8Y9A2069,8Y9A2069,0
8Y9A2070,8Y9A2070,0
8Y9A2071,8Y9A2071,0
8Y9A2072,8Y9A2072,1
8Y9A2073,8Y9A2073,1
8Y9A2074,8Y9A2074,1
8Y9A2075,8Y9A2075,0
8Y9A2076,8Y9A2076,0
8Y9A2077,8Y9A2077,1
8Y9A2078,8Y9A2078,1
8Y9A2079,8Y9A2079,0
8Y9A2080,8Y9A2080,0
8Y9A2081,8Y9A2081,0
8Y9A2082,8Y9A2082,1
8Y9A2083,8Y9A2083,1
8Y9A2084,8Y9A2084,0
8Y9A2085,8Y9A2085,0
8Y9A2086,8Y9A2086,1
8Y9A2087,8Y9A2087,0
8Y9A2089,8Y9A2089,0
8Y9A2090,8Y9A2090,1
8Y9A2091,8Y9A2091,1
8Y9A2092,8Y9A2092,0
8Y9A2093,8Y9A2093,0
8Y9A2095,8Y9A2095,0
8Y9A2096,8Y9A2096,0
8Y9A2097,8Y9A2097,0
8Y9A2098,8Y9A2098,1
8Y9A2099,8Y9A2099,0
8Y9A2100,8Y9A2100,0
8Y9A2101,8Y9A2101,1
8Y9A2102,8Y9A2102,0
8Y9A2105,8Y9A2105,1
8Y9A2106,8Y9A2106,0
8Y9A2107,8Y9A2107,1
8Y9A2108,8Y9A2108,0
8Y9A2109,8Y9A2109,0
8Y9A2110,8Y9A2110,0
8Y9A2111,8Y9A2111,0
8Y9A2113,8Y9A2113,1
8Y9A2114,8Y9A2114,1
8Y9A2115,8Y9A2115,0
8Y9A2116,8Y9A2116,1
8Y9A2117,8Y9A2117,0
8Y9A2118,8Y9A2118,0
8Y9A2119,8Y9A2119,0
8Y9A2120,8Y9A2120,0
8Y9A2121,8Y9A2121,1
8Y9A2122,8Y9A2122,1
8Y9A2123,8Y9A2123,0
8Y9A2124,8Y9A2124,0
8Y9A2125,8Y9A2125,0
8Y9A2126,8Y9A2126,1
8Y9A2127,8Y9A2127,0
8Y9A2128,8Y9A2128,0
8Y9A2129,8Y9A2129,0
8Y9A2130,8Y9A2130,0
8Y9A2131,8Y9A2131,1
8Y9A2132,8Y9A2132,1
8Y9A2133,8Y9A2133,0
8Y9A2134,8Y9A2134,0
8Y9A2135,8Y9A2135,0
8Y9A2136,8Y9A2136,0
8Y9A2137,8Y9A2137,0
8Y9A2139,8Y9A2139,1
8Y9A2140,8Y9A2140,1
8Y9A2141,8Y9A2141,0
8Y9A2142,8Y9A2142,1
8Y9A2143,8Y9A2143,1
8Y9A2144,8Y9A2144,0
8Y9A2145,8Y9A2145,1
8Y9A2146,8Y9A2146,1
8Y9A2147,8Y9A2147,0
8Y9A2148,8Y9A2148,0
8Y9A2149,8Y9A2149,0
8Y9A2150,8Y9A2150,0
8Y9A2151,8Y9A2151,0
8Y9A2152,8Y9A2152,1
8Y9A2153,8Y9A2153,0
8Y9A2154,8Y9A2154,0
8Y9A2155,8Y9A2155,1
8Y9A2156,8Y9A2156,0
8Y9A2157,8Y9A2157,0
8Y9A2158,8Y9A2158,0
8Y9A2159,8Y9A2159,1
8Y9A2160,8Y9A2160,0
8Y9A2161,8Y9A2161,0
8Y9A2162,8Y9A2162,0
8Y9A2163,8Y9A2163,0
8Y9A2164,8Y9A2164,1
8Y9A2166,8Y9A2166,0
8Y9A2167,8Y9A2167,0
8Y9A2168,8Y9A2168,0
8Y9A2169,8Y9A2169,0
8Y9A2170,8Y9A2170,1
8Y9A2171,8Y9A2171,0
8Y9A2172,8Y9A2172,0
8Y9A2173,8Y9A2173,1
8Y9A2174,8Y9A2174,0
8Y9A2175,8Y9A2175,1
8Y9A2176,8Y9A2176,0
8Y9A2177,8Y9A2177,0
8Y9A2178,8Y9A2178,1
8Y9A2179,8Y9A2179,1
8Y9A2180,8Y9A2180,1
8Y9A2181,8Y9A2181,1
8Y9A2182,8Y9A2182,0
8Y9A2183,8Y9A2183,1
8Y9A2184,8Y9A2184,0
8Y9A2185,8Y9A2185,1
8Y9A2186,8Y9A2186,0
8Y9A2187,8Y9A2187,0
8Y9A2188,8Y9A2188,0
8Y9A2189,8Y9A2189,0
8Y9A2190,8Y9A2190,0
8Y9A2191,8Y9A2191,0
8Y9A2192,8Y9A2192,1
8Y9A2193,8Y9A2193,0
8Y9A2194,8Y9A2194,0
8Y9A2195,8Y9A2195,0
8Y9A2196,8Y9A2196,0
8Y9A2197,8Y9A2197,0
8Y9A2198,8Y9A2198,0
8Y9A2199,8Y9A2199,0
8Y9A2200,8Y9A2200,1
8Y9A2201,8Y9A2201,1
8Y9A2202,8Y9A2202,1
8Y9A2203,8Y9A2203,0
8Y9A2204,8Y9A2204,0
8Y9A2205,8Y9A2205,0
8Y9A2206,8Y9A2206,0
8Y9A2207,8Y9A2207,0
8Y9A2208,8Y9A2208,0
8Y9A2209,8Y9A2209,1
8Y9A2210,8Y9A2210,0
8Y9A2211,8Y9A2211,1
8Y9A2212,8Y9A2212,0
8Y9A2213,8Y9A2213,0
8Y9A2214,8Y9A2214,1
8Y9A2215,8Y9A2215,0
8Y9A2216,8Y9A2216,1
8Y9A2217,8Y9A2217,0
8Y9A2218,8Y9A2218,0
8Y9A2219,8Y9A2219,0
8Y9A2220,8Y9A2220,0
8Y9A2221,8Y9A2221,0
8Y9A2222,8Y9A2222,1
8Y9A2223,8Y9A2223,1
8Y9A2224,8Y9A2224,0
8Y9A2225,8Y9A2225,1
8Y9A2226,8Y9A2226,0
8Y9A2227,8Y9A2227,1
8Y9A2228,8Y9A2228,1
8Y9A2229,8Y9A2229,0
8Y9A2230,8Y9A2230,1
8Y9A2231,8Y9A2231,0
8Y9A2232,8Y9A2232,0
8Y9A2233,8Y9A2233,0
8Y9A2234,8Y9A2234,1
8Y9A2235,8Y9A2235,1
8Y9A2236,8Y9A2236,0
8Y9A2237,8Y9A2237,1
8Y9A2238,8Y9A2238,0
8Y9A2239,8Y9A2239,1
8Y9A2241,8Y9A2241,1
8Y9A2242,8Y9A2242,0
8Y9A2243,8Y9A2243,1
8Y9A2244,8Y9A2244,0
8Y9A2245,8Y9A2245,0
8Y9A2246,8Y9A2246,0
8Y9A2247,8Y9A2247,0
8Y9A2248,8Y9A2248,0
8Y9A2249,8Y9A2249,1
8Y9A2250,8Y9A2250,0
8Y9A2251,8Y9A2251,0
8Y9A2252,8Y9A2252,0
8Y9A2253,8Y9A2253,1
8Y9A2254,8Y9A2254,1
8Y9A2255,8Y9A2255,0
8Y9A2256,8Y9A2256,1
8Y9A2257,8Y9A2257,0
8Y9A2258,8Y9A2258,0
8Y9A2259,8Y9A2259,0
8Y9A2260,8Y9A2260,0
8Y9A2261,8Y9A2261,0
8Y9A2262,8Y9A2262,0
8Y9A2263,8Y9A2263,1
8Y9A2264,8Y9A2264,0
8Y9A2265,8Y9A2265,0
8Y9A2266,8Y9A2266,1
8Y9A2267,8Y9A2267,1
8Y9A2268,8Y9A2268,1
8Y9A2269,8Y9A2269,0
8Y9A2270,8Y9A2270,0
8Y9A2271,8Y9A2271,1
8Y9A2272,8Y9A2272,0
8Y9A2273,8Y9A2273,1
8Y9A2274,8Y9A2274,0
8Y9A2275,8Y9A2275,1
8Y9A2276,8Y9A2276,1
8Y9A2277,8Y9A2277,0
8Y9A2278,8Y9A2278,1
8Y9A2279,8Y9A2279,0
8Y9A2280,8Y9A2280,1
8Y9A2281,8Y9A2281,1
8Y9A2282,8Y9A2282,1
8Y9A2283,8Y9A2283,0
8Y9A2284,8Y9A2284,1
8Y9A2285,8Y9A2285,0
8Y9A2286,8Y9A2286,0
8Y9A2287,8Y9A2287,0
8Y9A2288,8Y9A2288,1
8Y9A2289,8Y9A2289,0
8Y9A2290,8Y9A2290,1
8Y9A2291,8Y9A2291,0
8Y9A2292,8Y9A2292,0
8Y9A2293,8Y9A2293,0
8Y9A2294,8Y9A2294,0
8Y9A2295,8Y9A2295,0
8Y9A2296,8Y9A2296,0
8Y9A2297,8Y9A2297,1
8Y9A2298,8Y9A2298,0
8Y9A2299,8Y9A2299,1
8Y9A2300,8Y9A2300,0
8Y9A2301,8Y9A2301,1
8Y9A2302,8Y9A2302,0
8Y9A2303,8Y9A2303,0
8Y9A2304,8Y9A2304,0
8Y9A2305,8Y9A2305,0
8Y9A2306,8Y9A2306,0
8Y9A2307,8Y9A2307,0
8Y9A2308,8Y9A2308,0
8Y9A2309,8Y9A2309,0
8Y9A2310,8Y9A2310,0
8Y9A2311,8Y9A2311,0
8Y9A2312,8Y9A2312,1
8Y9A2313,8Y9A2313,0
8Y9A2314,8Y9A2314,0
8Y9A2315,8Y9A2315,0
8Y9A2316,8Y9A2316,1
8Y9A2317,8Y9A2317,1
8Y9A2318,8Y9A2318,0
8Y9A2319,8Y9A2319,0
8Y9A2320,8Y9A2320,0
8Y9A2321,8Y9A2321,1
8Y9A2322,8Y9A2322,0
8Y9A2323,8Y9A2323,1
8Y9A2324,8Y9A2324,1
8Y9A2326,8Y9A2326,0
8Y9A2327,8Y9A2327,1
8Y9A2328,8Y9A2328,0
8Y9A2329,8Y9A2329,0
8Y9A2330,8Y9A2330,0
8Y9A2331,8Y9A2331,0
8Y9A2332,8Y9A2332,1
8Y9A2333,8Y9A2333,0
8Y9A2334,8Y9A2334,1
8Y9A2335,8Y9A2335,0
8Y9A2336,8Y9A2336,1
8Y9A2337,8Y9A2337,0
8Y9A2338,8Y9A2338,0
8Y9A2339,8Y9A2339,1
8Y9A2340,8Y9A2340,0
8Y9A2341,8Y9A2341,0
8Y9A2342,8Y9A2342,1
8Y9A2343,8Y9A2343,0
8Y9A2344,8Y9A2344,1
8Y9A2345,8Y9A2345,0
8Y9A2346,8Y9A2346,1
8Y9A2347,8Y9A2347,0
8Y9A2348,8Y9A2348,1
8Y9A2349,8Y9A2349,0
8Y9A2350,8Y9A2350,1
8Y9A2351,8Y9A2351,0
8Y9A2352,8Y9A2352,0
8Y9A2353,8Y9A2353,1
8Y9A2354,8Y9A2354,1
8Y9A2355,8Y9A2355,0
8Y9A2356,8Y9A2356,0
8Y9A2357,8Y9A2357,1
8Y9A2358,8Y9A2358,0
8Y9A2359,8Y9A2359,0
8Y9A2360,8Y9A2360,0
8Y9A2361,8Y9A2361,0
8Y9A2362,8Y9A2362,1
8Y9A2363,8Y9A2363,1
8Y9A2364,8Y9A2364,0
8Y9A2365,8Y9A2365,1
8Y9A2366,8Y9A2366,0
8Y9A2367,8Y9A2367,1
8Y9A2368,8Y9A2368,0
8Y9A2369,8Y9A2369,0
8Y9A2370,8Y9A2370,0
8Y9A2371,8Y9A2371,1
8Y9A2372,8Y9A2372,0
8Y9A2373,8Y9A2373,1
8Y9A2374,8Y9A2374,1
8Y9A2375,8Y9A2375,0
8Y9A2377,8Y9A2377,1
8Y9A2378,8Y9A2378,1
8Y9A2380,8Y9A2380,0
8Y9A2381,8Y9A2381,1
8Y9A2382,8Y9A2382,0
8Y9A2384,8Y9A2384,0
8Y9A2385,8Y9A2385,0
8Y9A2387,8Y9A2387,0
8Y9A2388,8Y9A2388,0
8Y9A2389,8Y9A2389,0
8Y9A2390,8Y9A2390,0
8Y9A2391,8Y9A2391,0
8Y9A2392,8Y9A2392,1
8Y9A2393,8Y9A2393,1
8Y9A2394,8Y9A2394,0
8Y9A2395,8Y9A2395,0
8Y9A2396,8Y9A2396,0
8Y9A2397,8Y9A2397,1
8Y9A2398,8Y9A2398,0
8Y9A2399,8Y9A2399,0
8Y9A2400,8Y9A2400,0
8Y9A2401,8Y9A2401,1
8Y9A2402,8Y9A2402,1
8Y9A2403,8Y9A2403,0
8Y9A2404,8Y9A2404,1
8Y9A2405,8Y9A2405,1
8Y9A2406,8Y9A2406,0
8Y9A2407,8Y9A2407,1
8Y9A2408,8Y9A2408,0
8Y9A2409,8Y9A2409,0
8Y9A2410,8Y9A2410,0
8Y9A2411,8Y9A2411,1
8Y9A2412,8Y9A2412,0
8Y9A2413,8Y9A2413,0
8Y9A2414,8Y9A2414,1
8Y9A2415,8Y9A2415,0
8Y9A2416,8Y9A2416,1
8Y9A2417,8Y9A2417,0
8Y9A2418,8Y9A2418,0
8Y9A2419,8Y9A2419,0
8Y9A2420,8Y9A2420,0
8Y9A2421,8Y9A2421,0
8Y9A2422,8Y9A2422,0
8Y9A2423,8Y9A2423,0
8Y9A2424,8Y9A2424,0
8Y9A2425,8Y9A2425,0
8Y9A2426,8Y9A2426,0
8Y9A2427,8Y9A2427,0
8Y9A2428,8Y9A2428,1
8Y9A2429,8Y9A2429,0
8Y9A2430,8Y9A2430,0
8Y9A2431,8Y9A2431,0
8Y9A2432,8Y9A2432,0
8Y9A2433,8Y9A2433,1
8Y9A2434,8Y9A2434,1
8Y9A2435,8Y9A2435,0
8Y9A2436,8Y9A2436,0
8Y9A2437,8Y9A2437,0
8Y9A2438,8Y9A2438,0
8Y9A2439,8Y9A2439,0
8Y9A2440,8Y9A2440,0
8Y9A2441,8Y9A2441,1
8Y9A2442,8Y9A2442,0
8Y9A2443,8Y9A2443,0
8Y9A2444,8Y9A2444,0
8Y9A2445,8Y9A2445,1
8Y9A2446,8Y9A2446,0
8Y9A2447,8Y9A2447,0
8Y9A2448,8Y9A2448,0
8Y9A2449,8Y9A2449,0
8Y9A2450,8Y9A2450,0
8Y9A2451,8Y9A2451,0
8Y9A2452,8Y9A2452,0
8Y9A2453,8Y9A2453,1
8Y9A2454,8Y9A2454,0
8Y9A2455,8Y9A2455,0
8Y9A2456,8Y9A2456,0
8Y9A2457,8Y9A2457,0
8Y9A2458,8Y9A2458,0
8Y9A2459,8Y9A2459,0
8Y9A2460,8Y9A2460,1
8Y9A2461,8Y9A2461,0
8Y9A2462,8Y9A2462,1
8Y9A2463,8Y9A2463,0
8Y9A2464,8Y9A2464,0
8Y9A2465,8Y9A2465,1
8Y9A2466,8Y9A2466,0
8Y9A2467,8Y9A2467,0
8Y9A2468,8Y9A2468,0
8Y9A2469,8Y9A2469,0
8Y9A2470,8Y9A2470,0
8Y9A2471,8Y9A2471,1
8Y9A2472,8Y9A2472,0
8Y9A2473,8Y9A2473,1
8Y9A2474,8Y9A2474,0
8Y9A2475,8Y9A2475,1
8Y9A2476,8Y9A2476,0
8Y9A2477,8Y9A2477,0
8Y9A2478,8Y9A2478,0
8Y9A2479,8Y9A2479,0
8Y9A2480,8Y9A2480,0
8Y9A2481,8Y9A2481,1
8Y9A2482,8Y9A2482,1
8Y9A2483,8Y9A2483,0
8Y9A2484,8Y9A2484,1
8Y9A2485,8Y9A2485,0
8Y9A2486,8Y9A2486,1
8Y9A2487,8Y9A2487,0
8Y9A2488,8Y9A2488,1
8Y9A2489,8Y9A2489,0
8Y9A2492,8Y9A2492,0
8Y9A2493,8Y9A2493,0
8Y9A2494,8Y9A2494,0
8Y9A2495,8Y9A2495,0
8Y9A2497,8Y9A2497,0
8Y9A2498,8Y9A2498,0
8Y9A2499,8Y9A2499,0
8Y9A2500,8Y9A2500,0
8Y9A2501,8Y9A2501,0
8Y9A2503,8Y9A2503,0
8Y9A2504,8Y9A2504,0
8Y9A2505,8Y9A2505,1
8Y9A2506,8Y9A2506,0
8Y9A2507,8Y9A2507,0
8Y9A2509,8Y9A2509,0
8Y9A2510,8Y9A2510,0
8Y9A2511,8Y9A2511,0
8Y9A2512,8Y9A2512,1
8Y9A2513,8Y9A2513,0
8Y9A2514,8Y9A2514,0
8Y9A2515,8Y9A2515,0
8Y9A2516,8Y9A2516,0
8Y9A2517,8Y9A2517,0
8Y9A2518,8Y9A2518,0
8Y9A2519,8Y9A2519,1
8Y9A2520,8Y9A2520,0
8Y9A2521,8Y9A2521,0
8Y9A2522,8Y9A2522,0
8Y9A2523,8Y9A2523,0
8Y9A2524,8Y9A2524,0
8Y9A2525,8Y9A2525,0
8Y9A2526,8Y9A2526,0
8Y9A2527,8Y9A2527,0
8Y9A2528,8Y9A2528,0
8Y9A2529,8Y9A2529,0
8Y9A2530,8Y9A2530,0
8Y9A2531,8Y9A2531,0
8Y9A2532,8Y9A2532,0
8Y9A2533,8Y9A2533,0
8Y9A2534,8Y9A2534,1
8Y9A2535,8Y9A2535,0
8Y9A2536,8Y9A2536,0
8Y9A2537,8Y9A2537,0
8Y9A2538,8Y9A2538,0
8Y9A2539,8Y9A2539,0
8Y9A2540,8Y9A2540,0
8Y9A2541,8Y9A2541,0
8Y9A2542,8Y9A2542,0
8Y9A2543,8Y9A2543,0
8Y9A2544,8Y9A2544,1
8Y9A2545,8Y9A2545,0
8Y9A2546,8Y9A2546,0
8Y9A2547,8Y9A2547,0
8Y9A2549,8Y9A2549,0
8Y9A2551,8Y9A2551,0
8Y9A2552,8Y9A2552,0
8Y9A2553,8Y9A2553,0
8Y9A2554,8Y9A2554,0
8Y9A2555,8Y9A2555,0
8Y9A2556,8Y9A2556,0
8Y9A2557,8Y9A2557,0
8Y9A2558,8Y9A2558,0
8Y9A2559,8Y9A2559,0
8Y9A2560,8Y9A2560,0
8Y9A2561,8Y9A2561,1
8Y9A2562,8Y9A2562,0
8Y9A2563,8Y9A2563,0
8Y9A2564,8Y9A2564,1
8Y9A2565,8Y9A2565,0
8Y9A2566,8Y9A2566,0
8Y9A2567,8Y9A2567,0
8Y9A2568,8Y9A2568,0
8Y9A2569,8Y9A2569,0
8Y9A2570,8Y9A2570,0
8Y9A2571,8Y9A2571,0
8Y9A2572,8Y9A2572,0
8Y9A2573,8Y9A2573,0
8Y9A2574,8Y9A2574,0
8Y9A2575,8Y9A2575,0
8Y9A2576,8Y9A2576,0
8Y9A2578,8Y9A2578,0
8Y9A2579,8Y9A2579,0
8Y9A2580,8Y9A2580,0
8Y9A2581,8Y9A2581,0
8Y9A2582,8Y9A2582,1
8Y9A2583,8Y9A2583,0
8Y9A2584,8Y9A2584,0
8Y9A2585,8Y9A2585,0
8Y9A2586,8Y9A2586,1
8Y9A2587,8Y9A2587,0
8Y9A2588,8Y9A2588,0
8Y9A2589,8Y9A2589,1
8Y9A2590,8Y9A2590,0
8Y9A2591,8Y9A2591,1
8Y9A2592,8Y9A2592,1
8Y9A2593,8Y9A2593,1
0B8A4365,0B8A4365,1
0B8A4367,0B8A4367,0
0B8A4369,0B8A4369,1
0B8A4370,0B8A4370,1
0B8A4371,0B8A4371,1
0B8A4375,0B8A4375,1
0B8A4377,0B8A4377,1
0B8A4380,0B8A4380,1
0B8A4383,0B8A4383,0
0B8A4386,0B8A4386,1
0B8A4389,0B8A4389,0
0B8A4392,0B8A4392,1
0B8A4393,0B8A4393,0
0B8A4396,0B8A4396,1
0B8A4397,0B8A4397,0
0B8A4398,0B8A4398,0
0B8A4399,0B8A4399,0
0B8A4401,0B8A4401,0
0B8A4402,0B8A4402,0
0B8A4403,0B8A4403,1
0B8A4405,0B8A4405,0
0B8A4406,0B8A4406,0
0B8A4407,0B8A4407,0
0B8A4408,0B8A4408,0
0B8A4409,0B8A4409,0
0B8A4410,0B8A4410,0
0B8A4411,0B8A4411,0
0B8A4412,0B8A4412,0
0B8A4413,0B8A4413,0
0B8A4414,0B8A4414,0
0B8A4415,0B8A4415,1
0B8A4416,0B8A4416,0
0B8A4417,0B8A4417,1
0B8A4418,0B8A4418,1
0B8A4419,0B8A4419,0
0B8A4420,0B8A4420,0
0B8A4421,0B8A4421,1
0B8A4422,0B8A4422,0
0B8A4423,0B8A4423,0
0B8A4424,0B8A4424,1
0B8A4425,0B8A4425,0
0B8A4426,0B8A4426,0
0B8A4427,0B8A4427,0
0B8A4429,0B8A4429,0
0B8A4430,0B8A4430,0
0B8A4432,0B8A4432,0
0B8A4446,0B8A4446,1
0B8A4448,0B8A4448,0
0B8A4452,0B8A4452,0
0B8A4453,0B8A4453,0
0B8A4454,0B8A4454,0
0B8A4455,0B8A4455,0
0B8A4456,0B8A4456,1
0B8A4457,0B8A4457,0
0B8A4458,0B8A4458,0
0B8A4459,0B8A4459,0
0B8A4460,0B8A4460,0
0B8A4461,0B8A4461,0
0B8A4462,0B8A4462,0
0B8A4463,0B8A4463,1
0B8A4464,0B8A4464,0
0B8A4465,0B8A4465,1
0B8A4466,0B8A4466,1
0B8A4467,0B8A4467,0
0B8A4468,0B8A4468,1
0B8A4469,0B8A4469,0
0B8A4470,0B8A4470,0
0B8A4471,0B8A4471,0
0B8A4472,0B8A4472,0
0B8A4473,0B8A4473,0
0B8A4474,0B8A4474,0
0B8A4475,0B8A4475,0
0B8A4476,0B8A4476,0
0B8A4477,0B8A4477,0
0B8A4478,0B8A4478,1
0B8A4479,0B8A4479,0
0B8A4480,0B8A4480,0
0B8A4481,0B8A4481,1
0B8A4482,0B8A4482,0
0B8A4483,0B8A4483,0
0B8A4484,0B8A4484,1
0B8A4485,0B8A4485,0
0B8A4486,0B8A4486,0
0B8A4487,0B8A4487,0
0B8A4488,0B8A4488,0
0B8A4489,0B8A4489,0
0B8A4490,0B8A4490,1
0B8A4491,0B8A4491,0
0B8A4492,0B8A4492,1
0B8A4493,0B8A4493,1
0B8A4494,0B8A4494,1
0B8A4495,0B8A4495,0
0B8A4496,0B8A4496,0
0B8A4497,0B8A4497,0
0B8A4498,0B8A4498,1
0B8A4499,0B8A4499,1
0B8A4500,0B8A4500,0
0B8A4501,0B8A4501,0
0B8A4502,0B8A4502,1
0B8A4503,0B8A4503,0
0B8A4504,0B8A4504,1
0B8A4508,0B8A4508,1
0B8A4509,0B8A4509,0
0B8A4510,0B8A4510,1
0B8A4511,0B8A4511,0
0B8A4512,0B8A4512,0
0B8A4513,0B8A4513,0
0B8A4514,0B8A4514,0
0B8A4515,0B8A4515,1
0B8A4516,0B8A4516,0
0B8A4517,0B8A4517,0
0B8A4518,0B8A4518,0
0B8A4519,0B8A4519,0
0B8A4520,0B8A4520,0
0B8A4522,0B8A4522,0
0B8A4523,0B8A4523,1
0B8A4524,0B8A4524,1
0B8A4525,0B8A4525,0
0B8A4526,0B8A4526,0
0B8A4527,0B8A4527,1
0B8A4528,0B8A4528,0
0B8A4529,0B8A4529,1
0B8A4530,0B8A4530,0
0B8A4531,0B8A4531,0
0B8A4532,0B8A4532,0
0B8A4533,0B8A4533,0
0B8A4534,0B8A4534,0
0B8A4535,0B8A4535,0
0B8A4536,0B8A4536,1
0B8A4537,0B8A4537,0
0B8A4538,0B8A4538,0
0B8A4539,0B8A4539,0
0B8A4540,0B8A4540,0
0B8A4541,0B8A4541,1
0B8A4543,0B8A4543,0
0B8A4544,0B8A4544,0
0B8A4545,0B8A4545,0
0B8A4546,0B8A4546,1
0B8A4547,0B8A4547,0
0B8A4548,0B8A4548,0
0B8A4549,0B8A4549,1
0B8A4550,0B8A4550,0
0B8A4551,0B8A4551,1
0B8A4552,0B8A4552,0
0B8A4553,0B8A4553,0
0B8A4554,0B8A4554,1
0B8A4555,0B8A4555,1
0B8A4556,0B8A4556,0
0B8A4557,0B8A4557,0
0B8A4558,0B8A4558,1
0B8A4559,0B8A4559,1
0B8A4560,0B8A4560,0
0B8A4561,0B8A4561,1
0B8A4562,0B8A4562,0
0B8A4563,0B8A4563,1
0B8A4564,0B8A4564,0
0B8A4565,0B8A4565,0
0B8A4566,0B8A4566,0
0B8A4567,0B8A4567,1
0B8A4568,0B8A4568,0
0B8A4569,0B8A4569,1
0B8A4570,0B8A4570,0
0B8A4571,0B8A4571,0
0B8A4572,0B8A4572,1
0B8A4573,0B8A4573,0
0B8A4574,0B8A4574,0
0B8A4575,0B8A4575,1
0B8A4576,0B8A4576,0
0B8A4577,0B8A4577,0
0B8A4578,0B8A4578,0
0B8A4579,0B8A4579,1
0B8A4580,0B8A4580,1
0B8A4581,0B8A4581,0
0B8A4582,0B8A4582,0
0B8A4583,0B8A4583,0
0B8A4584,0B8A4584,0
0B8A4585,0B8A4585,0
0B8A4586,0B8A4586,1
0B8A4587,0B8A4587,0
0B8A4588,0B8A4588,0
0B8A4589,0B8A4589,0
0B8A4590,0B8A4590,0
0B8A4591,0B8A4591,1
0B8A4592,0B8A4592,1
0B8A4593,0B8A4593,0
0B8A4594,0B8A4594,0
0B8A4595,0B8A4595,0
0B8A4596,0B8A4596,0
0B8A4597,0B8A4597,1
0B8A4598,0B8A4598,0
0B8A4599,0B8A4599,0
0B8A4600,0B8A4600,1
0B8A4601,0B8A4601,0
0B8A4602,0B8A4602,0
0B8A4603,0B8A4603,1
0B8A4604,0B8A4604,0
0B8A4605,0B8A4605,0
0B8A4606,0B8A4606,0
0B8A4607,0B8A4607,0
0B8A4608,0B8A4608,0
0B8A4609,0B8A4609,0
0B8A4610,0B8A4610,1
0B8A4611,0B8A4611,0
0B8A4612,0B8A4612,1
0B8A4614,0B8A4614,1
0B8A4615,0B8A4615,0
0B8A4616,0B8A4616,0
0B8A4617,0B8A4617,1
0B8A4618,0B8A4618,1
0B8A4619,0B8A4619,0
0B8A4620,0B8A4620,0
0B8A4622,0B8A4622,0
0B8A4623,0B8A4623,0
0B8A4624,0B8A4624,0
0B8A4625,0B8A4625,0
0B8A4626,0B8A4626,0
0B8A4627,0B8A4627,0
0B8A4628,0B8A4628,0
0B8A4629,0B8A4629,0
0B8A4630,0B8A4630,0
0B8A4634,0B8A4634,1
0B8A4636,0B8A4636,1
0B8A4637,0B8A4637,1
0B8A4638,0B8A4638,0
0B8A4640,0B8A4640,1
0B8A4641,0B8A4641,1
0B8A4642,0B8A4642,1
0B8A4643,0B8A4643,1
0B8A4645,0B8A4645,1
0B8A4647,0B8A4647,0
0B8A4648,0B8A4648,1
0B8A4649,0B8A4649,1
0B8A4650,0B8A4650,1
0B8A4651,0B8A4651,0
0B8A4653,0B8A4653,1
0B8A4654,0B8A4654,1
0B8A4655,0B8A4655,0
0B8A4656,0B8A4656,1
0B8A4657,0B8A4657,1
0B8A4658,0B8A4658,1
0B8A4659,0B8A4659,1
0B8A4660,0B8A4660,0
0B8A4661,0B8A4661,0
0B8A4662,0B8A4662,0
0B8A4663,0B8A4663,1
0B8A4664,0B8A4664,0
0B8A4665,0B8A4665,0
0B8A4666,0B8A4666,0
0B8A4667,0B8A4667,0
0B8A4668,0B8A4668,0
0B8A4669,0B8A4669,0
0B8A4670,0B8A4670,0
0B8A4671,0B8A4671,0
0B8A4672,0B8A4672,1
0B8A4673,0B8A4673,0
0B8A4674,0B8A4674,0
0B8A4675,0B8A4675,0
0B8A4676,0B8A4676,1
0B8A4677,0B8A4677,0
0B8A4678,0B8A4678,1
0B8A4679,0B8A4679,0
0B8A4680,0B8A4680,0
0B8A4681,0B8A4681,0
0B8A4682,0B8A4682,1
0B8A4683,0B8A4683,0
0B8A4684,0B8A4684,0
0B8A4685,0B8A4685,0
0B8A4686,0B8A4686,0
0B8A4687,0B8A4687,0
0B8A4688,0B8A4688,1
0B8A4689,0B8A4689,0
0B8A4690,0B8A4690,1
0B8A4691,0B8A4691,0
0B8A4692,0B8A4692,0
0B8A4693,0B8A4693,0
0B8A4694,0B8A4694,0
0B8A4695,0B8A4695,0
0B8A4696,0B8A4696,0
0B8A4697,0B8A4697,1
0B8A4698,0B8A4698,1
0B8A4699,0B8A4699,0
0B8A4700,0B8A4700,1
0B8A4701,0B8A4701,0
0B8A4702,0B8A4702,0
0B8A4703,0B8A4703,0
0B8A4704,0B8A4704,0
0B8A4705,0B8A4705,0
0B8A4706,0B8A4706,0
0B8A4707,0B8A4707,0
0B8A4708,0B8A4708,0
0B8A4709,0B8A4709,1
0B8A4710,0B8A4710,0
0B8A4711,0B8A4711,0
0B8A4712,0B8A4712,0
0B8A4714,0B8A4714,1
0B8A4715,0B8A4715,0
0B8A4716,0B8A4716,1
0B8A4717,0B8A4717,0
0B8A4718,0B8A4718,1
0B8A4719,0B8A4719,1
0B8A4720,0B8A4720,0
0B8A4721,0B8A4721,0
0B8A4722,0B8A4722,0
0B8A4723,0B8A4723,0
0B8A4724,0B8A4724,0
0B8A4725,0B8A4725,1
0B8A4726,0B8A4726,0
0B8A4727,0B8A4727,1
0B8A4728,0B8A4728,0
0B8A4729,0B8A4729,0
0B8A4730,0B8A4730,0
0B8A4731,0B8A4731,1
0B8A4732,0B8A4732,0
0B8A4733,0B8A4733,1
0B8A4734,0B8A4734,1
0B8A4735,0B8A4735,1
0B8A4736,0B8A4736,0
0B8A4737,0B8A4737,1
0B8A4738,0B8A4738,0
0B8A4739,0B8A4739,0
0B8A4740,0B8A4740,0
0B8A4741,0B8A4741,1
0B8A4742,0B8A4742,1
0B8A4743,0B8A4743,0
0B8A4744,0B8A4744,1
0B8A4745,0B8A4745,0
0B8A4746,0B8A4746,0
0B8A4747,0B8A4747,0
0B8A4748,0B8A4748,0
0B8A4749,0B8A4749,0
0B8A4750,0B8A4750,1
0B8A4751,0B8A4751,0
0B8A4752,0B8A4752,0
0B8A4753,0B8A4753,0
0B8A4754,0B8A4754,1
0B8A4755,0B8A4755,0
0B8A4756,0B8A4756,0
0B8A4757,0B8A4757,1
0B8A4758,0B8A4758,0
0B8A4759,0B8A4759,0
0B8A4760,0B8A4760,1
0B8A4761,0B8A4761,0
0B8A4762,0B8A4762,0
0B8A4763,0B8A4763,1
0B8A4764,0B8A4764,1
0B8A4765,0B8A4765,0
0B8A4766,0B8A4766,0
0B8A4767,0B8A4767,0
0B8A4768,0B8A4768,0
0B8A4769,0B8A4769,1
0B8A4770,0B8A4770,0
0B8A4771,0B8A4771,0
0B8A4772,0B8A4772,1
0B8A4773,0B8A4773,0
0B8A4774,0B8A4774,1
0B8A4775,0B8A4775,0
0B8A4776,0B8A4776,0
0B8A4777,0B8A4777,0
0B8A4778,0B8A4778,1
0B8A4779,0B8A4779,0
0B8A4780,0B8A4780,1
0B8A4781,0B8A4781,0
0B8A4782,0B8A4782,0
0B8A4783,0B8A4783,1
0B8A4784,0B8A4784,0
0B8A4785,0B8A4785,1
0B8A4786,0B8A4786,1
0B8A4787,0B8A4787,0
0B8A4788,0B8A4788,1
0B8A4790,0B8A4790,1
0B8A4791,0B8A4791,0
0B8A4792,0B8A4792,0
0B8A4793,0B8A4793,0
0B8A4794,0B8A4794,0
0B8A4795,0B8A4795,0
0B8A4796,0B8A4796,1
0B8A4797,0B8A4797,0
0B8A4798,0B8A4798,0
0B8A4799,0B8A4799,0
0B8A4800,0B8A4800,1
0B8A4801,0B8A4801,0
0B8A4802,0B8A4802,1
0B8A4803,0B8A4803,0
0B8A4804,0B8A4804,0
0B8A4805,0B8A4805,0
0B8A4806,0B8A4806,1
0B8A4807,0B8A4807,0
0B8A4808,0B8A4808,0
0B8A4809,0B8A4809,1
0B8A4810,0B8A4810,0
0B8A4811,0B8A4811,0
0B8A4812,0B8A4812,0
0B8A4813,0B8A4813,0
0B8A4814,0B8A4814,0
0B8A4815,0B8A4815,1
0B8A4816,0B8A4816,0
0B8A4817,0B8A4817,1
0B8A4818,0B8A4818,0
0B8A4819,0B8A4819,0
0B8A4820,0B8A4820,0
0B8A4821,0B8A4821,1
0B8A4822,0B8A4822,0
0B8A4823,0B8A4823,0
0B8A4824,0B8A4824,0
0B8A4825,0B8A4825,0
0B8A4826,0B8A4826,1
0B8A4827,0B8A4827,1
0B8A4828,0B8A4828,1
0B8A4829,0B8A4829,1
0B8A4830,0B8A4830,0
0B8A4831,0B8A4831,0
0B8A4832,0B8A4832,1
0B8A4833,0B8A4833,0
0B8A4834,0B8A4834,0
0B8A4835,0B8A4835,1
0B8A4836,0B8A4836,0
0B8A4837,0B8A4837,0
0B8A4838,0B8A4838,0
0B8A4839,0B8A4839,0
0B8A4840,0B8A4840,0
0B8A4841,0B8A4841,0
0B8A4842,0B8A4842,1
0B8A4843,0B8A4843,0
0B8A4844,0B8A4844,0
0B8A4845,0B8A4845,0
0B8A4846,0B8A4846,0
0B8A4847,0B8A4847,0
0B8A4848,0B8A4848,0
0B8A4849,0B8A4849,0
0B8A4850,0B8A4850,1
0B8A4851,0B8A4851,0
0B8A4852,0B8A4852,0
0B8A4853,0B8A4853,0
0B8A4854,0B8A4854,0
0B8A4855,0B8A4855,1
0B8A4856,0B8A4856,0
0B8A4857,0B8A4857,0
0B8A4858,0B8A4858,0
0B8A4859,0B8A4859,0
0B8A4860,0B8A4860,1
0B8A4861,0B8A4861,0
0B8A4862,0B8A4862,0
0B8A4863,0B8A4863,0
0B8A4864,0B8A4864,0
0B8A4865,0B8A4865,0
0B8A4866,0B8A4866,1
0B8A4867,0B8A4867,0
0B8A4868,0B8A4868,0
0B8A4869,0B8A4869,1
0B8A4870,0B8A4870,0
0B8A4871,0B8A4871,0
0B8A4872,0B8A4872,0
0B8A4873,0B8A4873,1
0B8A4874,0B8A4874,1
0B8A4875,0B8A4875,0
0B8A4876,0B8A4876,0
0B8A4877,0B8A4877,1
0B8A4878,0B8A4878,1
0B8A4879,0B8A4879,1
0B8A4880,0B8A4880,0
0B8A4881,0B8A4881,1
0B8A4882,0B8A4882,0
0B8A4883,0B8A4883,0
0B8A4884,0B8A4884,1
0B8A4885,0B8A4885,1
0B8A4886,0B8A4886,0
0B8A4887,0B8A4887,0
0B8A4888,0B8A4888,1
0B8A4889,0B8A4889,1
0B8A4890,0B8A4890,0
0B8A4891,0B8A4891,0
0B8A4892,0B8A4892,1
0B8A4893,0B8A4893,0
0B8A4894,0B8A4894,0
0B8A4895,0B8A4895,0
0B8A4896,0B8A4896,0
0B8A4897,0B8A4897,1
0B8A4899,0B8A4899,1
0B8A4900,0B8A4900,0
0B8A4901,0B8A4901,1
0B8A4902,0B8A4902,0
0B8A4903,0B8A4903,1
0B8A4904,0B8A4904,0
0B8A4905,0B8A4905,1
0B8A4906,0B8A4906,1
0B8A4907,0B8A4907,0
0B8A4908,0B8A4908,1
0B8A4909,0B8A4909,0
0B8A4910,0B8A4910,0
0B8A4911,0B8A4911,1
0B8A4912,0B8A4912,1
0B8A4913,0B8A4913,1
0B8A4914,0B8A4914,1
0B8A4915,0B8A4915,0
0B8A4916,0B8A4916,0
0B8A4917,0B8A4917,0
0B8A4918,0B8A4918,0
0B8A4919,0B8A4919,1
0B8A4920,0B8A4920,1
0B8A4921,0B8A4921,0
0B8A4922,0B8A4922,0
0B8A4923,0B8A4923,1
0B8A4924,0B8A4924,0
0B8A4925,0B8A4925,0
0B8A4926,0B8A4926,0
0B8A4927,0B8A4927,1
0B8A4928,0B8A4928,0
0B8A4929,0B8A4929,0
0B8A4930,0B8A4930,1
0B8A4931,0B8A4931,0
0B8A4932,0B8A4932,0
0B8A4933,0B8A4933,1
0B8A4934,0B8A4934,0
0B8A4935,0B8A4935,1
0B8A4936,0B8A4936,0
0B8A4937,0B8A4937,0
0B8A4938,0B8A4938,0
0B8A4939,0B8A4939,0
0B8A4940,0B8A4940,0
0B8A4941,0B8A4941,0
0B8A4942,0B8A4942,0
0B8A4943,0B8A4943,1
0B8A4944,0B8A4944,0
0B8A4945,0B8A4945,1
0B8A4947,0B8A4947,0
0B8A4948,0B8A4948,1
0B8A4949,0B8A4949,0
0B8A4950,0B8A4950,0
0B8A4951,0B8A4951,1
0B8A4952,0B8A4952,0
0B8A4953,0B8A4953,0
0B8A4954,0B8A4954,0
0B8A4955,0B8A4955,1
0B8A4956,0B8A4956,0
0B8A4957,0B8A4957,0
0B8A4958,0B8A4958,1
0B8A4959,0B8A4959,1
0B8A4960,0B8A4960,1
0B8A4961,0B8A4961,1
0B8A4962,0B8A4962,0
0B8A4963,0B8A4963,0
0B8A4964,0B8A4964,0
0B8A4965,0B8A4965,0
0B8A4966,0B8A4966,1
0B8A4967,0B8A4967,0
0B8A4968,0B8A4968,1
0B8A4969,0B8A4969,0
0B8A4970,0B8A4970,0
0B8A4971,0B8A4971,1
0B8A4972,0B8A4972,0
0B8A4973,0B8A4973,0
0B8A4974,0B8A4974,1
0B8A4975,0B8A4975,0
0B8A4976,0B8A4976,0
0B8A4977,0B8A4977,1
0B8A4978,0B8A4978,0
0B8A4979,0B8A4979,0
0B8A4980,0B8A4980,0
0B8A4982,0B8A4982,1
0B8A4983,0B8A4983,1
0B8A4984,0B8A4984,0
0B8A4985,0B8A4985,1
0B8A4986,0B8A4986,0
0B8A4987,0B8A4987,0
0B8A4988,0B8A4988,1
0B8A4989,0B8A4989,0
0B8A4990,0B8A4990,1
0B8A4991,0B8A4991,0
0B8A4992,0B8A4992,1
0B8A4993,0B8A4993,0
0B8A4994,0B8A4994,0
0B8A4995,0B8A4995,0
0B8A4996,0B8A4996,0
0B8A4997,0B8A4997,0
0B8A4998,0B8A4998,1
0B8A4999,0B8A4999,0
0B8A5000,0B8A5000,0
0B8A5001,0B8A5001,0
0B8A5002,0B8A5002,1
0B8A5003,0B8A5003,0
0B8A5004,0B8A5004,0
0B8A5005,0B8A5005,0
0B8A5006,0B8A5006,0
0B8A5007,0B8A5007,1
0B8A5008,0B8A5008,1
0B8A5009,0B8A5009,0
0B8A5010,0B8A5010,1
0B8A5011,0B8A5011,0
0B8A5012,0B8A5012,0
0B8A5013,0B8A5013,0
0B8A5014,0B8A5014,1
0B8A5015,0B8A5015,1
0B8A5016,0B8A5016,0
0B8A5017,0B8A5017,0
0B8A5018,0B8A5018,0
0B8A5019,0B8A5019,0
0B8A5020,0B8A5020,0
0B8A5021,0B8A5021,0
0B8A5022,0B8A5022,1
0B8A5023,0B8A5023,0
0B8A5024,0B8A5024,1
0B8A5025,0B8A5025,1
0B8A5026,0B8A5026,1
0B8A5027,0B8A5027,0
0B8A5028,0B8A5028,1
0B8A5029,0B8A5029,0
0B8A5030,0B8A5030,1
0B8A5031,0B8A5031,0
0B8A5032,0B8A5032,1
0B8A5033,0B8A5033,0
0B8A5034,0B8A5034,0
0B8A5035,0B8A5035,1
0B8A5036,0B8A5036,1
0B8A5037,0B8A5037,0
0B8A5038,0B8A5038,1
0B8A5039,0B8A5039,0
0B8A5040,0B8A5040,0
0B8A5041,0B8A5041,0
0B8A5042,0B8A5042,0
0B8A5043,0B8A5043,1
0B8A5044,0B8A5044,0
0B8A5045,0B8A5045,0
0B8A5046,0B8A5046,0
0B8A5047,0B8A5047,1
0B8A5048,0B8A5048,0
0B8A5049,0B8A5049,1
0B8A5050,0B8A5050,0
0B8A5051,0B8A5051,1
0B8A5052,0B8A5052,0
0B8A5053,0B8A5053,1
0B8A5054,0B8A5054,0
0B8A5055,0B8A5055,1
0B8A5056,0B8A5056,1
0B8A5057,0B8A5057,0
0B8A5058,0B8A5058,0
0B8A5059,0B8A5059,0
0B8A5060,0B8A5060,0
0B8A5061,0B8A5061,0
0B8A5062,0B8A5062,1
0B8A5063,0B8A5063,0
0B8A5064,0B8A5064,1
0B8A5065,0B8A5065,0
0B8A5066,0B8A5066,0
0B8A5067,0B8A5067,0
0B8A5068,0B8A5068,0
0B8A5069,0B8A5069,0
0B8A5070,0B8A5070,0
0B8A5071,0B8A5071,0
0B8A5072,0B8A5072,1
0B8A5073,0B8A5073,0
0B8A5074,0B8A5074,0
0B8A5075,0B8A5075,0
0B8A5076,0B8A5076,1
0B8A5077,0B8A5077,1
0B8A5078,0B8A5078,0
0B8A5079,0B8A5079,1
0B8A5080,0B8A5080,1
0B8A5081,0B8A5081,1
0B8A5082,0B8A5082,0
0B8A5083,0B8A5083,0
0B8A5084,0B8A5084,0
0B8A5085,0B8A5085,0
0B8A5086,0B8A5086,0
0B8A5087,0B8A5087,1
0B8A5088,0B8A5088,0
0B8A5089,0B8A5089,0
0B8A5090,0B8A5090,1
0B8A5091,0B8A5091,0
0B8A5092,0B8A5092,1
0B8A5093,0B8A5093,0
0B8A5094,0B8A5094,1
0B8A5095,0B8A5095,0
0B8A5096,0B8A5096,0
0B8A5097,0B8A5097,0
0B8A5098,0B8A5098,1
0B8A5099,0B8A5099,0
0B8A5100,0B8A5100,1
0B8A5101,0B8A5101,0
0B8A5102,0B8A5102,0
0B8A5103,0B8A5103,1
0B8A5104,0B8A5104,0
0B8A5105,0B8A5105,0
0B8A5106,0B8A5106,1
0B8A5107,0B8A5107,0
0B8A5108,0B8A5108,1
0B8A5109,0B8A5109,0
0B8A5110,0B8A5110,0
0B8A5111,0B8A5111,0
0B8A5112,0B8A5112,0
0B8A5113,0B8A5113,0
0B8A5114,0B8A5114,0
0B8A5115,0B8A5115,1
0B8A5116,0B8A5116,1
0B8A5117,0B8A5117,0
0B8A5118,0B8A5118,1
0B8A5119,0B8A5119,0
0B8A5120,0B8A5120,0
0B8A5121,0B8A5121,0
0B8A5122,0B8A5122,1
0B8A5123,0B8A5123,0
0B8A5124,0B8A5124,0
0B8A5125,0B8A5125,1
0B8A5126,0B8A5126,0
0B8A5127,0B8A5127,1
0B8A5129,0B8A5129,0
0B8A5130,0B8A5130,1
0B8A5131,0B8A5131,0
0B8A5132,0B8A5132,1
0B8A5133,0B8A5133,0
0B8A5134,0B8A5134,1
0B8A5135,0B8A5135,1
0B8A5136,0B8A5136,0
0B8A5137,0B8A5137,1
0B8A5138,0B8A5138,1
0B8A5139,0B8A5139,0
0B8A5140,0B8A5140,0
0B8A5141,0B8A5141,0
0B8A5142,0B8A5142,0
0B8A5146,0B8A5146,1
0B8A5147,0B8A5147,0
0B8A5148,0B8A5148,0
0B8A5149,0B8A5149,0
0B8A5150,0B8A5150,0
0B8A5151,0B8A5151,1
0B8A5152,0B8A5152,1
0B8A5153,0B8A5153,1
0B8A5154,0B8A5154,0
0B8A5155,0B8A5155,0
0B8A5156,0B8A5156,1
0B8A5157,0B8A5157,0
0B8A5158,0B8A5158,0
0B8A5159,0B8A5159,1
0B8A5160,0B8A5160,0
0B8A5161,0B8A5161,1
0B8A5162,0B8A5162,0
0B8A5163,0B8A5163,0
0B8A5164,0B8A5164,1
0B8A5165,0B8A5165,0
0B8A5166,0B8A5166,0
0B8A5167,0B8A5167,0
0B8A5168,0B8A5168,1
0B8A5169,0B8A5169,0
0B8A5170,0B8A5170,1
0B8A5171,0B8A5171,0
8O4A9543,8O4A9543,1
8O4A9544,8O4A9544,0
8O4A9545,8O4A9545,1
8O4A9546,8O4A9546,1
8O4A9547,8O4A9547,1
8O4A9548,8O4A9548,1
8O4A9549,8O4A9549,0
8O4A9550,8O4A9550,1
8O4A9551,8O4A9551,0
8O4A9552,8O4A9552,0
8O4A9553,8O4A9553,0
8O4A9554,8O4A9554,0
8O4A9555,8O4A9555,0
8O4A9556,8O4A9556,0
8O4A9557,8O4A9557,0
8O4A9558,8O4A9558,1
8O4A9559,8O4A9559,1
8O4A9560,8O4A9560,0
8O4A9561,8O4A9561,0
8O4A9562,8O4A9562,0
8O4A9563,8O4A9563,0
8O4A9564,8O4A9564,0
8O4A9565,8O4A9565,0
8O4A9566,8O4A9566,0
8O4A9567,8O4A9567,0
8O4A9568,8O4A9568,0
8O4A9569,8O4A9569,0
8O4A9570,8O4A9570,0
8O4A9571,8O4A9571,0
8O4A9572,8O4A9572,0
8O4A9573,8O4A9573,1
8O4A9574,8O4A9574,0
8O4A9575,8O4A9575,0
8O4A9576,8O4A9576,0
8O4A9577,8O4A9577,0
8O4A9578,8O4A9578,0
8O4A9579,8O4A9579,1
8O4A9580,8O4A9580,0
8O4A9581,8O4A9581,0
8O4A9582,8O4A9582,0
8O4A9583,8O4A9583,1
8O4A9584,8O4A9584,0
8O4A9585,8O4A9585,0
8O4A9586,8O4A9586,0
8O4A9589,8O4A9589,1
8O4A9590,8O4A9590,0
8O4A9591,8O4A9591,0
8O4A9592,8O4A9592,0
8O4A9593,8O4A9593,0
8O4A9594,8O4A9594,0
8O4A9595,8O4A9595,1
8O4A9596,8O4A9596,0
8O4A9597,8O4A9597,1
8O4A9598,8O4A9598,1
8O4A9599,8O4A9599,0
8O4A9600,8O4A9600,1
8O4A9601,8O4A9601,0
8O4A9602,8O4A9602,0
8O4A9603,8O4A9603,1
8O4A9604,8O4A9604,1
8O4A9605,8O4A9605,0
8O4A9606,8O4A9606,0
8O4A9607,8O4A9607,1
8O4A9610,8O4A9610,1
8O4A9612,8O4A9612,1
8O4A9613,8O4A9613,0
8O4A9614,8O4A9614,0
8O4A9615,8O4A9615,0
8O4A9617,8O4A9617,0
8O4A9620,8O4A9620,0
8O4A9622,8O4A9622,1
8O4A9623,8O4A9623,0
8O4A9625,8O4A9625,1
8O4A9626,8O4A9626,0
8O4A9627,8O4A9627,0
8O4A9628,8O4A9628,0
8O4A9629,8O4A9629,1
8O4A9630,8O4A9630,0
8O4A9631,8O4A9631,1
8O4A9632,8O4A9632,1
8O4A9633,8O4A9633,1
8O4A9634,8O4A9634,0
8O4A9635,8O4A9635,1
8O4A9636,8O4A9636,0
8O4A9637,8O4A9637,0
8O4A9638,8O4A9638,0
8O4A9639,8O4A9639,0
8O4A9640,8O4A9640,0
8O4A9641,8O4A9641,0
8O4A9642,8O4A9642,1
8O4A9643,8O4A9643,0
8O4A9644,8O4A9644,0
8O4A9645,8O4A9645,0
8O4A9646,8O4A9646,1
8O4A9647,8O4A9647,0
8O4A9648,8O4A9648,0
8O4A9649,8O4A9649,0
8O4A9650,8O4A9650,0
8O4A9651,8O4A9651,0
8O4A9652,8O4A9652,0
8O4A9653,8O4A9653,0
8O4A9654,8O4A9654,1
8O4A9655,8O4A9655,1
8O4A9656,8O4A9656,1
8O4A9657,8O4A9657,0
8O4A9658,8O4A9658,1
8O4A9659,8O4A9659,0
8O4A9660,8O4A9660,1
8O4A9661,8O4A9661,0
8O4A9663,8O4A9663,0
8O4A9664,8O4A9664,1
8O4A9665,8O4A9665,0
8O4A9666,8O4A9666,1
8O4A9667,8O4A9667,1
8O4A9668,8O4A9668,0
8O4A9669,8O4A9669,0
8O4A9670,8O4A9670,1
8O4A9672,8O4A9672,0
8O4A9673,8O4A9673,1
8O4A9674,8O4A9674,0
8O4A9675,8O4A9675,1
8O4A9676,8O4A9676,0
8O4A9677,8O4A9677,0
8O4A9678,8O4A9678,0
8O4A9679,8O4A9679,0
8O4A9680,8O4A9680,0
8O4A9681,8O4A9681,0
8O4A9682,8O4A9682,0
8O4A9683,8O4A9683,0
8O4A9684,8O4A9684,0
8O4A9685,8O4A9685,0
8O4A9686,8O4A9686,0
8O4A9687,8O4A9687,0
8O4A9688,8O4A9688,1
8O4A9689,8O4A9689,0
8O4A9690,8O4A9690,0
8O4A9691,8O4A9691,1
8O4A9692,8O4A9692,0
8O4A9693,8O4A9693,0
8O4A9694,8O4A9694,0
8O4A9696,8O4A9696,0
8O4A9697,8O4A9697,1
8O4A9698,8O4A9698,0
8O4A9699,8O4A9699,0
8O4A9700,8O4A9700,0
8O4A9701,8O4A9701,0
8O4A9702,8O4A9702,1
8O4A9703,8O4A9703,0
8O4A9704,8O4A9704,1
8O4A9705,8O4A9705,0
8O4A9706,8O4A9706,1
8O4A9707,8O4A9707,0
8O4A9708,8O4A9708,0
8O4A9709,8O4A9709,1
8O4A9710,8O4A9710,1
8O4A9711,8O4A9711,0
8O4A9712,8O4A9712,1
8O4A9713,8O4A9713,0
8O4A9714,8O4A9714,0
8O4A9715,8O4A9715,0
8O4A9716,8O4A9716,0
8O4A9717,8O4A9717,1
8O4A9718,8O4A9718,0
8O4A9719,8O4A9719,0
8O4A9720,8O4A9720,0
8O4A9721,8O4A9721,0
8O4A9722,8O4A9722,1
8O4A9723,8O4A9723,0
8O4A9724,8O4A9724,0
8O4A9725,8O4A9725,0
8O4A9726,8O4A9726,0
8O4A9727,8O4A9727,1
8O4A9728,8O4A9728,0
8O4A9729,8O4A9729,0
8O4A9730,8O4A9730,1
8O4A9731,8O4A9731,0
8O4A9732,8O4A9732,0
8O4A9733,8O4A9733,0
8O4A9734,8O4A9734,1
8O4A9735,8O4A9735,1
8O4A9736,8O4A9736,0
8O4A9737,8O4A9737,0
8O4A9738,8O4A9738,0
8O4A9739,8O4A9739,1
8O4A9740,8O4A9740,1
8O4A9741,8O4A9741,0
8O4A9742,8O4A9742,1
8O4A9743,8O4A9743,0
8O4A9744,8O4A9744,1
8O4A9745,8O4A9745,0
8O4A9746,8O4A9746,1
8O4A9747,8O4A9747,0
8O4A9748,8O4A9748,1
8O4A9749,8O4A9749,0
8O4A9751,8O4A9751,0
8O4A9752,8O4A9752,1
8O4A9753,8O4A9753,0
8O4A9754,8O4A9754,0
8O4A9755,8O4A9755,0
8O4A9756,8O4A9756,0
8O4A9757,8O4A9757,0
8O4A9758,8O4A9758,1
8O4A9759,8O4A9759,1
8O4A9760,8O4A9760,0
8O4A9761,8O4A9761,0
8O4A9762,8O4A9762,1
8O4A9763,8O4A9763,0
8O4A9764,8O4A9764,0
8O4A9765,8O4A9765,1
8O4A9766,8O4A9766,0
8O4A9767,8O4A9767,1
8O4A9768,8O4A9768,0
8O4A9769,8O4A9769,1
8O4A9770,8O4A9770,0
8O4A9771,8O4A9771,0
8O4A9772,8O4A9772,0
8O4A9773,8O4A9773,0
8O4A9774,8O4A9774,0
8O4A9775,8O4A9775,0
8O4A9776,8O4A9776,0
8O4A9777,8O4A9777,0
8O4A9778,8O4A9778,0
8O4A9779,8O4A9779,0
8O4A9780,8O4A9780,0
8O4A9781,8O4A9781,0
8O4A9782,8O4A9782,0
8O4A9783,8O4A9783,0
8O4A9784,8O4A9784,0
8O4A9785,8O4A9785,0
8O4A9786,8O4A9786,0
8O4A9787,8O4A9787,1
8O4A9788,8O4A9788,0
8O4A9789,8O4A9789,1
8O4A9790,8O4A9790,1
8O4A9791,8O4A9791,1
8O4A9792,8O4A9792,0
8O4A9793,8O4A9793,0
8O4A9794,8O4A9794,0
8O4A9795,8O4A9795,1
8O4A9796,8O4A9796,1
8O4A9798,8O4A9798,0
8O4A9799,8O4A9799,1
8O4A9800,8O4A9800,1
8O4A9801,8O4A9801,0
8O4A9802,8O4A9802,1
8O4A9804,8O4A9804,0
8O4A9805,8O4A9805,0
8O4A9806,8O4A9806,0
8O4A9807,8O4A9807,1
8O4A9808,8O4A9808,1
8O4A9809,8O4A9809,0
8O4A9810,8O4A9810,0
8O4A9811,8O4A9811,0
8O4A9812,8O4A9812,0
8O4A9813,8O4A9813,0
8O4A9814,8O4A9814,0
8O4A9815,8O4A9815,1
8O4A9816,8O4A9816,0
8O4A9817,8O4A9817,0
8O4A9818,8O4A9818,1
8O4A9819,8O4A9819,0
8O4A9820,8O4A9820,0
8O4A9821,8O4A9821,0
8O4A9822,8O4A9822,0
8O4A9823,8O4A9823,0
8O4A9824,8O4A9824,0
8O4A9825,8O4A9825,1
8O4A9826,8O4A9826,1
8O4A9827,8O4A9827,0
8O4A9828,8O4A9828,1
8O4A9829,8O4A9829,0
8O4A9830,8O4A9830,1
8O4A9831,8O4A9831,0
8O4A9832,8O4A9832,1
8O4A9833,8O4A9833,0
8O4A9834,8O4A9834,0
8O4A9835,8O4A9835,0
8O4A9836,8O4A9836,1
8O4A9837,8O4A9837,0
8O4A9838,8O4A9838,0
8O4A9839,8O4A9839,0
8O4A9840,8O4A9840,1
8O4A9841,8O4A9841,0
8O4A9842,8O4A9842,0
8O4A9843,8O4A9843,1
8O4A9844,8O4A9844,1
8O4A9845,8O4A9845,0
8O4A9846,8O4A9846,1
8O4A9847,8O4A9847,0
8O4A9848,8O4A9848,1
8O4A9849,8O4A9849,0
8O4A9850,8O4A9850,0
8O4A9851,8O4A9851,1
8O4A9852,8O4A9852,0
8O4A9853,8O4A9853,0
8O4A9854,8O4A9854,1
8O4A9855,8O4A9855,0
8O4A9856,8O4A9856,0
8O4A9857,8O4A9857,1
8O4A9858,8O4A9858,0
8O4A9859,8O4A9859,1
8O4A9860,8O4A9860,0
8O4A9861,8O4A9861,1
8O4A9862,8O4A9862,0
8O4A9863,8O4A9863,0
8O4A9864,8O4A9864,0
8O4A9865,8O4A9865,1
8O4A9866,8O4A9866,1
8O4A9867,8O4A9867,0
8O4A9868,8O4A9868,1
8O4A9869,8O4A9869,0
8O4A9870,8O4A9870,1
8O4A9871,8O4A9871,0
8O4A9872,8O4A9872,0
8O4A9873,8O4A9873,1
8O4A9874,8O4A9874,0
8O4A9875,8O4A9875,0
8O4A9876,8O4A9876,0
8O4A9877,8O4A9877,1
8O4A9878,8O4A9878,0
8O4A9879,8O4A9879,0
8O4A9880,8O4A9880,0
8O4A9881,8O4A9881,1
8O4A9882,8O4A9882,0
8O4A9883,8O4A9883,0
8O4A9884,8O4A9884,1
8O4A9885,8O4A9885,0
8O4A9886,8O4A9886,0
8O4A9887,8O4A9887,0
8O4A9888,8O4A9888,0
8O4A9889,8O4A9889,0
8O4A9890,8O4A9890,1
8O4A9891,8O4A9891,0
8O4A9892,8O4A9892,0
8O4A9893,8O4A9893,0
8O4A9894,8O4A9894,0
8O4A9896,8O4A9896,0
8O4A9897,8O4A9897,0
8O4A9898,8O4A9898,0
8O4A9900,8O4A9900,1
8O4A9901,8O4A9901,0
8O4A9902,8O4A9902,0
8O4A9903,8O4A9903,0
8O4A9904,8O4A9904,0
8O4A9905,8O4A9905,0
8O4A9906,8O4A9906,0
8O4A9907,8O4A9907,0
8O4A9908,8O4A9908,0
8O4A9909,8O4A9909,0
8O4A9910,8O4A9910,0
8O4A9911,8O4A9911,0
8O4A9912,8O4A9912,1
8O4A9913,8O4A9913,0
8O4A9914,8O4A9914,1
8O4A9915,8O4A9915,1
8O4A9916,8O4A9916,0
8O4A9917,8O4A9917,0
8O4A9918,8O4A9918,0
8O4A9919,8O4A9919,0
8O4A9920,8O4A9920,0
8O4A9921,8O4A9921,0
8O4A9922,8O4A9922,1
8O4A9923,8O4A9923,0
8O4A9924,8O4A9924,1
8O4A9925,8O4A9925,0
8O4A9926,8O4A9926,0
8O4A9927,8O4A9927,1
8O4A9928,8O4A9928,0
8O4A9929,8O4A9929,0
8O4A9930,8O4A9930,0
8O4A9931,8O4A9931,0
8O4A9932,8O4A9932,0
8O4A9933,8O4A9933,1
8O4A9934,8O4A9934,1
8O4A9935,8O4A9935,0
8O4A9936,8O4A9936,0
8O4A9937,8O4A9937,0
8O4A9938,8O4A9938,1
8O4A9939,8O4A9939,0
8O4A9940,8O4A9940,1
8O4A9941,8O4A9941,0
8O4A9942,8O4A9942,0
8O4A9943,8O4A9943,0
8O4A9944,8O4A9944,0
8O4A9945,8O4A9945,0
8O4A9946,8O4A9946,1
8O4A9947,8O4A9947,1
8O4A9948,8O4A9948,1
8O4A9949,8O4A9949,0
8O4A9950,8O4A9950,1
8O4A9951,8O4A9951,0
8O4A9952,8O4A9952,0
8O4A9953,8O4A9953,0
8O4A9954,8O4A9954,1
8O4A9955,8O4A9955,0
8O4A9956,8O4A9956,1
8O4A9957,8O4A9957,0
8O4A9958,8O4A9958,0
8O4A9959,8O4A9959,0
8O4A9960,8O4A9960,0
8O4A9961,8O4A9961,0
8O4A9962,8O4A9962,1
8O4A9963,8O4A9963,1
8O4A9964,8O4A9964,0
8O4A9965,8O4A9965,1
8O4A9966,8O4A9966,0
8O4A9967,8O4A9967,1
8O4A9968,8O4A9968,0
8O4A9969,8O4A9969,0
8O4A9970,8O4A9970,1
8O4A9971,8O4A9971,0
8O4A9972,8O4A9972,0
8O4A9973,8O4A9973,1
8O4A9974,8O4A9974,0
8O4A9975,8O4A9975,1
8O4A9976,8O4A9976,0
8O4A9977,8O4A9977,0
8O4A9978,8O4A9978,1
8O4A9979,8O4A9979,0
8O4A9980,8O4A9980,1
8O4A9981,8O4A9981,0
8O4A9982,8O4A9982,1
8O4A9983,8O4A9983,0
8O4A9984,8O4A9984,1
8O4A9985,8O4A9985,0
8O4A9986,8O4A9986,0
8O4A9987,8O4A9987,1
8O4A9988,8O4A9988,0
8O4A9989,8O4A9989,0
8O4A9990,8O4A9990,0
8O4A9991,8O4A9991,0
8O4A9992,8O4A9992,0
8O4A9993,8O4A9993,1
8O4A9994,8O4A9994,0
8O4A9995,8O4A9995,0
8O4A9996,8O4A9996,0
8O4A9997,8O4A9997,0
8O4A9998,8O4A9998,1
8O4A9999,8O4A9999,0
8O4A0001,8O4A0001,0
8O4A0002,8O4A0002,0
8O4A0003,8O4A0003,0
8O4A0004,8O4A0004,0
8O4A0005,8O4A0005,0
8O4A0006,8O4A0006,1
8O4A0007,8O4A0007,0
8O4A0008,8O4A0008,0
8O4A0009,8O4A0009,0
8O4A0010,8O4A0010,0
8O4A0011,8O4A0011,0
8O4A0012,8O4A0012,0
8O4A0013,8O4A0013,0
8O4A0014,8O4A0014,1
8O4A0015,8O4A0015,0
8O4A0016,8O4A0016,0
8O4A0017,8O4A0017,1
8O4A0018,8O4A0018,0
8O4A0019,8O4A0019,0
8O4A0020,8O4A0020,0
8O4A0021,8O4A0021,1
8O4A0022,8O4A0022,0
8O4A0023,8O4A0023,0
8O4A0024,8O4A0024,0
8O4A0025,8O4A0025,0
8O4A0026,8O4A0026,1
8O4A0027,8O4A0027,0
8O4A0028,8O4A0028,0
8O4A0029,8O4A0029,0
8O4A0030,8O4A0030,1
8O4A0031,8O4A0031,0
8O4A0032,8O4A0032,0
8O4A0033,8O4A0033,1
8O4A0034,8O4A0034,0
8O4A0035,8O4A0035,0
8O4A0036,8O4A0036,1
8O4A0037,8O4A0037,0
8O4A0038,8O4A0038,0
8O4A0039,8O4A0039,1
8O4A0040,8O4A0040,0
8O4A0041,8O4A0041,1
8O4A0042,8O4A0042,0
8O4A0043,8O4A0043,0
8O4A0044,8O4A0044,1
8O4A0045,8O4A0045,0
8O4A0046,8O4A0046,0
8O4A0047,8O4A0047,0
8O4A0048,8O4A0048,0
8O4A0049,8O4A0049,0
8O4A0050,8O4A0050,0
8O4A0051,8O4A0051,0
8O4A0052,8O4A0052,0
8O4A0053,8O4A0053,0
8O4A0054,8O4A0054,0
8O4A0055,8O4A0055,1
8O4A0056,8O4A0056,0
8O4A0057,8O4A0057,0
8O4A0058,8O4A0058,0
8O4A0059,8O4A0059,0
8O4A0060,8O4A0060,1
8O4A0061,8O4A0061,0
8O4A0062,8O4A0062,0
8O4A0063,8O4A0063,0
8O4A0064,8O4A0064,0
8O4A0065,8O4A0065,1
8O4A0066,8O4A0066,1
8O4A0067,8O4A0067,0
8O4A0068,8O4A0068,1
8O4A0069,8O4A0069,1
8O4A0070,8O4A0070,0
8O4A0071,8O4A0071,0
8O4A0072,8O4A0072,0
8O4A0073,8O4A0073,0
8O4A0074,8O4A0074,1
8O4A0075,8O4A0075,1
8O4A0076,8O4A0076,0
8O4A0077,8O4A0077,1
8O4A0078,8O4A0078,0
8O4A0079,8O4A0079,1
8O4A0080,8O4A0080,1
8O4A0081,8O4A0081,1
8O4A0082,8O4A0082,0
8O4A0083,8O4A0083,1
8O4A0084,8O4A0084,1
8O4A0085,8O4A0085,0
8O4A0086,8O4A0086,1
8O4A0087,8O4A0087,0
8O4A0088,8O4A0088,1
8O4A0089,8O4A0089,1
8O4A0090,8O4A0090,0
8O4A0091,8O4A0091,0
8O4A0092,8O4A0092,0
